{
    "0": {
        "r": 0.25,
        "s": 0.25,
        "theta": 0.0,
        "phi": 0.0,
        "e": 0.0,
        "f": 0.0,
        "prob": 0.090909,
        "color": [
            255,
            0,
            0
        ]
    },
    "1": {
        "r": 0.25,
        "s": 0.25,
        "theta": 0.0,
        "phi": 0.0,
        "e": 0.25,
        "f": 0.0,
        "prob": 0.090909,
        "color": [
            0,
            255,
            0
        ]
    },
    "2": {
        "r": -0.25,
        "s": -0.25,
        "theta": 180.0,
        "phi": 180.0,
        "e": 0.625,
        "f": 0.216506,
        "prob": 0.090909,
        "color": [
            0,
            0,
            255
        ]
    },
    "3": {
        "r": 0.25,
        "s": 0.25,
        "theta": 0.0,
        "phi": 0.0,
        "e": 0.5,
        "f": 0.0,
        "prob": 0.090909,
        "color": [
            255,
            255,
            0
        ]
    },
    "4": {
        "r": 0.25,
        "s": 0.25,
        "theta": 0.0,
        "phi": 0.0,
        "e": 0.75,
        "f": 0.0,
        "prob": 0.090909,
        "color": [
            255,
            0,
            255
        ]
    },
    "5": {
        "r": 0.25,
        "s": 0.25,
        "theta": 0.0,
        "phi": 0.0,
        "e": 0.125,
        "f": 0.216506,
        "prob": 0.090909,
        "color": [
            0,
            255,
            255
        ]
    },
    "6": {
        "r": -0.25,
        "s": -0.25,
        "theta": 180.0,
        "phi": 180.0,
        "e": 0.5,
        "f": 0.433013,
        "prob": 0.090909,
        "color": [
            128,
            0,
            0
        ]
    },
    "7": {
        "r": -0.25,
        "s": -0.25,
        "theta": 180.0,
        "phi": 180.0,
        "e": 0.75,
        "f": 0.433013,
        "prob": 0.090909,
        "color": [
            0,
            128,
            0
        ]
    },
    "8": {
        "r": 0.25,
        "s": 0.25,
        "theta": 0.0,
        "phi": 0.0,
        "e": 0.625,
        "f": 0.216506,
        "prob": 0.090909,
        "color": [
            0,
            0,
            128
        ]
    },
    "9": {
        "r": -0.25,
        "s": -0.25,
        "theta": 180.0,
        "phi": 180.0,
        "e": 0.625,
        "f": 0.649519,
        "prob": 0.090909,
        "color": [
            128,
            128,
            0
        ]
    },
    "10": {
        "r": 0.25,
        "s": 0.25,
        "theta": 0.0,
        "phi": 0.0,
        "e": 0.375,
        "f": 0.649519,
        "prob": 0.090909,
        "color": [
            128,
            0,
            128
        ]
    }
}