{
    "0": {
        "r": 0.25,
        "s": 0.25,
        "theta": -59.999272219172624,
        "phi": -59.999272219172624,
        "e": 0.0,
        "f": 0.0,
        "prob": 0.25,
        "color": [
            255,
            0,
            0
        ]
    },
    "1": {
        "r": 0.25,
        "s": 0.25,
        "theta": -59.999272219172624,
        "phi": -59.999272219172624,
        "e": 1.0,
        "f": 0.0,
        "prob": 0.25,
        "color": [
            0,
            255,
            0
        ]
    },
    "2": {
        "r": 0.25,
        "s": 0.25,
        "theta": -59.999272219172624,
        "phi": -59.999272219172624,
        "e": -0.5,
        "f": 0.866,
        "prob": 0.25,
        "color": [
            0,
            0,
            255
        ]
    },
    "3": {
        "r": 0.25,
        "s": 0.25,
        "theta": -59.999272219172624,
        "phi": -59.999272219172624,
        "e": -0.5,
        "f": -0.866,
        "prob": 0.25,
        "color": [
            255,
            255,
            0
        ]
    }
}