{
    "0": {
        "r": 0.447213595499958,
        "s": 0.447213595499958,
        "theta": 26.56505117707799,
        "phi": 26.56505117707799,
        "e": 0.0,
        "f": 0.0,
        "prob": 0.2,
        "color": [
            255,
            0,
            0
        ]
    },
    "1": {
        "r": 0.447213595499958,
        "s": 0.447213595499958,
        "theta": 26.56505117707799,
        "phi": 26.56505117707799,
        "e": 0.0,
        "f": 1.0,
        "prob": 0.2,
        "color": [
            0,
            255,
            0
        ]
    },
    "2": {
        "r": 0.447213595499958,
        "s": 0.447213595499958,
        "theta": 26.56505117707799,
        "phi": 26.56505117707799,
        "e": -1.0,
        "f": 0.0,
        "prob": 0.2,
        "color": [
            0,
            0,
            255
        ]
    },
    "3": {
        "r": 0.447213595499958,
        "s": 0.447213595499958,
        "theta": 26.56505117707799,
        "phi": 26.56505117707799,
        "e": 0.0,
        "f": -1.0,
        "prob": 0.2,
        "color": [
            255,
            255,
            0
        ]
    },
    "4": {
        "r": 0.447213595499958,
        "s": 0.447213595499958,
        "theta": 26.56505117707799,
        "phi": 26.56505117707799,
        "e": 1.0,
        "f": 0.0,
        "prob": 0.2,
        "color": [
            255,
            0,
            255
        ]
    }
}