{
    "0": {
        "r": 0.3905124837953327,
        "s": 0.45343136195018535,
        "theta": -129.8055710922652,
        "phi": -129.8055710922652,
        "e": 0.5,
        "f": 0.5,
        "prob": 0.125,
        "color": [
            255,
            0,
            0
        ]
    },
    "1": {
        "r": 0.45343136195018535,
        "s": 0.3905124837953327,
        "theta": 131.42366562500266,
        "phi": 131.42366562500266,
        "e": -0.5,
        "f": 0.5,
        "prob": 0.125,
        "color": [
            0,
            255,
            0
        ]
    },
    "2": {
        "r": 0.3905124837953327,
        "s": 0.45343136195018535,
        "theta": 50.19442890773481,
        "phi": 50.19442890773481,
        "e": -0.5,
        "f": -0.5,
        "prob": 0.125,
        "color": [
            0,
            0,
            255
        ]
    },
    "3": {
        "r": 0.45343136195018535,
        "s": 0.3905124837953327,
        "theta": -48.57633437499736,
        "phi": -48.57633437499736,
        "e": 0.5,
        "f": -0.5,
        "prob": 0.125,
        "color": [
            255,
            255,
            0
        ]
    },
    "4": {
        "r": 0.3905124837953327,
        "s": 0.45343136195018535,
        "theta": -129.8055710922652,
        "phi": -129.8055710922652,
        "e": 0.5,
        "f": -0.5,
        "prob": 0.125,
        "color": [
            255,
            0,
            255
        ]
    },
    "5": {
        "r": 0.45343136195018535,
        "s": 0.3905124837953327,
        "theta": -48.57633437499736,
        "phi": -48.57633437499736,
        "e": 0.5,
        "f": 0.5,
        "prob": 0.125,
        "color": [
            0,
            255,
            255
        ]
    },
    "6": {
        "r": 0.3905124837953327,
        "s": 0.45343136195018535,
        "theta": 50.19442890773481,
        "phi": 50.19442890773481,
        "e": -0.5,
        "f": 0.5,
        "prob": 0.125,
        "color": [
            128,
            0,
            0
        ]
    },
    "7": {
        "r": 0.45343136195018535,
        "s": 0.3905124837953327,
        "theta": 131.42366562500266,
        "phi": 131.42366562500266,
        "e": -0.5,
        "f": -0.5,
        "prob": 0.125,
        "color": [
            0,
            128,
            0
        ]
    }
}