{
    "0": {
        "r": -0.25,
        "s": -0.34,
        "theta": 129.8055710922652,
        "phi": 129.8055710922652,
        "e": 0.5,
        "f": 0.5,
        "prob": 0.125,
        "color": [
            255,
            0,
            0
        ]
    },
    "1": {
        "r": -0.3,
        "s": -0.3,
        "theta": -140.19442890773482,
        "phi": -140.19442890773482,
        "e": -0.5,
        "f": 0.5,
        "prob": 0.125,
        "color": [
            0,
            255,
            0
        ]
    },
    "2": {
        "r": 0.25,
        "s": 0.34,
        "theta": -50.19442890773481,
        "phi": -50.19442890773481,
        "e": -0.5,
        "f": -0.5,
        "prob": 0.125,
        "color": [
            0,
            0,
            255
        ]
    },
    "3": {
        "r": 0.3,
        "s": 0.3,
        "theta": 39.8055710922652,
        "phi": 39.8055710922652,
        "e": 0.5,
        "f": -0.5,
        "prob": 0.125,
        "color": [
            255,
            255,
            0
        ]
    },
    "4": {
        "r": -0.25,
        "s": 0.34,
        "theta": -129.8055710922652,
        "phi": -129.8055710922652,
        "e": 0.5,
        "f": -0.5,
        "prob": 0.125,
        "color": [
            255,
            0,
            255
        ]
    },
    "5": {
        "r": 0.3,
        "s": -0.3,
        "theta": -39.8055710922652,
        "phi": -39.8055710922652,
        "e": 0.5,
        "f": 0.5,
        "prob": 0.125,
        "color": [
            0,
            255,
            255
        ]
    },
    "6": {
        "r": 0.25,
        "s": -0.34,
        "theta": 50.19442890773481,
        "phi": 50.19442890773481,
        "e": -0.5,
        "f": 0.5,
        "prob": 0.125,
        "color": [
            128,
            0,
            0
        ]
    },
    "7": {
        "r": -0.3,
        "s": 0.3,
        "theta": 140.19442890773482,
        "phi": 140.19442890773482,
        "e": -0.5,
        "f": -0.5,
        "prob": 0.125,
        "color": [
            0,
            128,
            0
        ]
    }
}