{
    "0": {
        "r": -0.215409,
        "s": -0.215409,
        "theta": -108.00210160757256,
        "phi": -108.00210160757256,
        "e": 0.0,
        "f": 0.0,
        "prob": 0.5,
        "color": [
            255,
            0,
            0
        ]
    },
    "1": {
        "r": -0.215409,
        "s": -0.215409,
        "theta": -108.00210160757256,
        "phi": -108.00210160757256,
        "e": -0.215409,
        "f": -0.662878,
        "prob": 0.5,
        "color": [
            0,
            255,
            0
        ]
    }
}