{
    "0": {
        "r": 0.619999953762095,
        "s": 0.619999953762095,
        "theta": 128.57135193956478,
        "phi": 128.57135193956478,
        "e": 0.0,
        "f": 0.0,
        "prob": 0.5,
        "color": [
            255,
            0,
            0
        ]
    },
    "1": {
        "r": 0.619999953762095,
        "s": 0.619999953762095,
        "theta": 128.57135193956478,
        "phi": 128.57135193956478,
        "e": -0.386563,
        "f": -0.484736,
        "prob": 0.5,
        "color": [
            0,
            255,
            0
        ]
    }
}