{
    "0": {
        "r": 0.7158910531638177,
        "s": 0.7158910531638177,
        "theta": 24.775140568831922,
        "phi": 24.775140568831922,
        "e": 0.0,
        "f": 0.0,
        "prob": 0.5,
        "color": [
            255,
            0,
            0
        ]
    },
    "1": {
        "r": 0.7158910531638177,
        "s": 0.7158910531638177,
        "theta": 24.775140568831922,
        "phi": 24.775140568831922,
        "e": 0.65,
        "f": -0.3,
        "prob": 0.5,
        "color": [
            0,
            255,
            0
        ]
    }
}