{
    "0": {
        "r": 0.6324555320336759,
        "s": 0.6324555320336759,
        "theta": -71.56505117707799,
        "phi": -71.56505117707799,
        "e": 0.0,
        "f": 0.0,
        "prob": 0.5,
        "color": [
            255,
            0,
            0
        ]
    },
    "1": {
        "r": 0.6324555320336759,
        "s": 0.6324555320336759,
        "theta": -71.56505117707799,
        "phi": -71.56505117707799,
        "e": 0.2,
        "f": 0.6,
        "prob": 0.5,
        "color": [
            0,
            255,
            0
        ]
    }
}