{
    "0": {
        "r": 0.8,
        "s": 0.8,
        "theta": 14.036243467926479,
        "phi": 14.036243467926479,
        "e": 0.0,
        "f": 0.0,
        "prob": 0.5,
        "color": [
            255,
            0,
            0
        ]
    },
    "1": {
        "r": 0.8,
        "s": 0.8,
        "theta": 14.036243467926479,
        "phi": 14.036243467926479,
        "e": 0.8,
        "f": 0.2,
        "prob": 0.5,
        "color": [
            0,
            255,
            0
        ]
    }
}