{
    "0": {
        "r": 0.65,
        "s": 0.65,
        "theta": -24.77514056883192,
        "phi": -24.77514056883192,
        "e": 0.0,
        "f": 0.0,
        "prob": 0.5,
        "color": [
            255,
            0,
            0
        ]
    },
    "1": {
        "r": 0.65,
        "s": 0.65,
        "theta": -24.77514056883192,
        "phi": -24.77514056883192,
        "e": 0.65,
        "f": -0.3,
        "prob": 0.5,
        "color": [
            0,
            255,
            0
        ]
    }
}