{
    "0": {
        "r": 0.5,
        "s": 0.5,
        "theta": 180.0,
        "phi": 180.0,
        "e": 0.5,
        "f": 0.863,
        "prob": 0.166667,
        "color": [
            255,
            0,
            0
        ]
    },
    "1": {
        "r": 0.5,
        "s": 0.5,
        "theta": 180.0,
        "phi": 180.0,
        "e": 1.25,
        "f": 1.3,
        "prob": 0.166667,
        "color": [
            0,
            255,
            0
        ]
    },
    "2": {
        "r": 0.5,
        "s": 0.5,
        "theta": 180.0,
        "phi": 180.0,
        "e": 0.5,
        "f": 1.73,
        "prob": 0.166667,
        "color": [
            0,
            0,
            255
        ]
    },
    "3": {
        "r": 0.25,
        "s": 0.25,
        "theta": 180.0,
        "phi": 180.0,
        "e": 0.75,
        "f": 0.866,
        "prob": 0.166667,
        "color": [
            255,
            255,
            0
        ]
    },
    "4": {
        "r": 0.25,
        "s": 0.25,
        "theta": 180.0,
        "phi": 180.0,
        "e": 0.75,
        "f": 1.3,
        "prob": 0.166667,
        "color": [
            255,
            0,
            255
        ]
    },
    "5": {
        "r": 0.25,
        "s": 0.25,
        "theta": 180.0,
        "phi": 180.0,
        "e": 0.375,
        "f": 1.08,
        "prob": 0.166665,
        "color": [
            0,
            255,
            255
        ]
    }
}