{
    "0": {
        "r": 0.0,
        "s": 0.16,
        "theta": 0.0,
        "phi": 0.0,
        "e": 0.0,
        "f": 0.0,
        "prob": 0.009901,
        "color": [
            255,
            0,
            0
        ]
    },
    "1": {
        "r": 0.85,
        "s": 0.85,
        "theta": -2.694284289856101,
        "phi": -2.694284289856101,
        "e": 0.0,
        "f": 1.6,
        "prob": 0.765379,
        "color": [
            0,
            255,
            0
        ]
    },
    "2": {
        "r": 0.2,
        "s": 0.22,
        "theta": 48.99091309842978,
        "phi": 48.99091309842978,
        "e": 0.0,
        "f": 1.6,
        "prob": 0.109718,
        "color": [
            0,
            0,
            255
        ]
    },
    "3": {
        "r": -0.15,
        "s": 0.24,
        "theta": 119.98163936884934,
        "phi": 119.98163936884934,
        "e": 0.0,
        "f": 0.44,
        "prob": 0.115002,
        "color": [
            255,
            255,
            0
        ]
    }
}