{
    "0": {
        "r": 0.0,
        "s": 0.2,
        "theta": 0.0,
        "phi": 0.0,
        "e": 0.0,
        "f": -0.12,
        "prob": 0.009901,
        "color": [
            255,
            0,
            0
        ]
    },
    "1": {
        "r": 0.8457245414436073,
        "s": 0.8207466113241041,
        "theta": 2.371842189789219,
        "phi": 2.371842189789219,
        "e": 0.0,
        "f": 1.6,
        "prob": 0.753422,
        "color": [
            0,
            255,
            0
        ]
    },
    "2": {
        "r": 0.36891733491393436,
        "s": 0.35362409420173846,
        "theta": -57.17145820858747,
        "phi": -57.17145820858747,
        "e": 0.0,
        "f": 0.29,
        "prob": 0.138989,
        "color": [
            0,
            0,
            255
        ]
    },
    "3": {
        "r": 0.2830194339616981,
        "s": 0.32015621187164245,
        "theta": 122.0053832080835,
        "phi": 122.0053832080835,
        "e": 0.0,
        "f": 0.68,
        "prob": 0.097688,
        "color": [
            255,
            255,
            0
        ]
    }
}