{
    "0": {
        "r": 0.0,
        "s": 0.2,
        "theta": 0.0,
        "phi": 0.0,
        "e": 0.0,
        "f": -0.12,
        "prob": 0.009901,
        "color": [
            255,
            0,
            0
        ]
    },
    "1": {
        "r": 0.845,
        "s": 0.82,
        "theta": -2.371842189789219,
        "phi": -2.371842189789219,
        "e": 0.0,
        "f": 1.6,
        "prob": 0.753422,
        "color": [
            0,
            255,
            0
        ]
    },
    "2": {
        "r": 0.2,
        "s": 0.245,
        "theta": 51.89242312248514,
        "phi": 51.89242312248514,
        "e": 0.0,
        "f": 0.29,
        "prob": 0.138989,
        "color": [
            0,
            0,
            255
        ]
    },
    "3": {
        "r": -0.15,
        "s": 0.2,
        "theta": 120.96375653207352,
        "phi": 120.96375653207352,
        "e": 0.0,
        "f": 0.68,
        "prob": 0.097688,
        "color": [
            255,
            255,
            0
        ]
    }
}