{
    "0": {
        "r": 0.0,
        "s": 0.16,
        "theta": 0.0,
        "phi": 0.0,
        "e": 0.0,
        "f": 0.0,
        "prob": 0.009901,
        "color": [
            255,
            0,
            0
        ]
    },
    "1": {
        "r": 0.8509406559801923,
        "s": 0.8509406559801923,
        "theta": 2.6942842898561015,
        "phi": 2.6942842898561015,
        "e": 0.0,
        "f": 1.6,
        "prob": 0.765379,
        "color": [
            0,
            255,
            0
        ]
    },
    "2": {
        "r": 0.3280243893371345,
        "s": 0.31827660925679097,
        "theta": -52.43140797117251,
        "phi": -52.43140797117251,
        "e": 0.0,
        "f": 1.6,
        "prob": 0.109718,
        "color": [
            0,
            0,
            255
        ]
    },
    "3": {
        "r": 0.31764760348537185,
        "s": 0.3538361202590827,
        "theta": 118.17859010995917,
        "phi": 118.17859010995917,
        "e": 0.0,
        "f": 0.44,
        "prob": 0.115002,
        "color": [
            255,
            255,
            0
        ]
    }
}