{
    "0": {
        "r": -0.15,
        "s": -0.3,
        "theta": 126.86989764584402,
        "phi": 126.86989764584402,
        "e": 0.075,
        "f": 0.4,
        "prob": 0.02,
        "color": [
            255,
            0,
            0
        ]
    },
    "1": {
        "r": -0.173884,
        "s": -0.203635,
        "theta": 134.06991489440665,
        "phi": 134.06991489440665,
        "e": 0.024275,
        "f": 0.406246,
        "prob": 0.02,
        "color": [
            0,
            255,
            0
        ]
    },
    "2": {
        "r": -0.195026,
        "s": -0.104058,
        "theta": 141.27000294604778,
        "phi": 141.27000294604778,
        "e": -0.026832,
        "f": 0.406085,
        "prob": 0.02,
        "color": [
            0,
            0,
            255
        ]
    },
    "3": {
        "r": -0.213091,
        "s": -0.00284,
        "theta": 148.46977634214736,
        "phi": 148.46977634214736,
        "e": -0.077517,
        "f": 0.39952,
        "prob": 0.02,
        "color": [
            255,
            255,
            0
        ]
    },
    "4": {
        "r": -0.227797,
        "s": 0.098423,
        "theta": 155.66998198903013,
        "phi": 155.66998198903013,
        "e": -0.126979,
        "f": 0.386654,
        "prob": 0.02,
        "color": [
            255,
            0,
            255
        ]
    },
    "5": {
        "r": -0.23891,
        "s": 0.198134,
        "theta": 162.86983948314725,
        "phi": 162.86983948314725,
        "e": -0.174438,
        "f": 0.367691,
        "prob": 0.02,
        "color": [
            0,
            255,
            255
        ]
    },
    "6": {
        "r": -0.246255,
        "s": 0.29472,
        "theta": 170.06983205151826,
        "phi": 170.06983205151826,
        "e": -0.219146,
        "f": 0.342929,
        "prob": 0.02,
        "color": [
            128,
            0,
            0
        ]
    },
    "7": {
        "r": -0.249716,
        "s": 0.386658,
        "theta": 177.26985180494427,
        "phi": 177.26985180494427,
        "e": -0.260399,
        "f": 0.312758,
        "prob": 0.02,
        "color": [
            0,
            128,
            0
        ]
    },
    "8": {
        "r": -0.24924,
        "s": 0.472498,
        "theta": -175.53007053956063,
        "phi": -175.53007053956063,
        "e": -0.297544,
        "f": 0.277655,
        "prob": 0.02,
        "color": [
            0,
            0,
            128
        ]
    },
    "9": {
        "r": -0.244832,
        "s": 0.550887,
        "theta": -168.3301330406366,
        "phi": -168.3301330406366,
        "e": -0.329997,
        "f": 0.238174,
        "prob": 0.02,
        "color": [
            128,
            128,
            0
        ]
    },
    "10": {
        "r": -0.236564,
        "s": 0.620587,
        "theta": -161.13013033247643,
        "phi": -161.13013033247643,
        "e": -0.357246,
        "f": 0.194936,
        "prob": 0.02,
        "color": [
            128,
            0,
            128
        ]
    },
    "11": {
        "r": -0.224565,
        "s": 0.680501,
        "theta": -153.93010178431075,
        "phi": -153.93010178431075,
        "e": -0.378861,
        "f": 0.148624,
        "prob": 0.02,
        "color": [
            0,
            128,
            128
        ]
    },
    "12": {
        "r": -0.209024,
        "s": 0.729683,
        "theta": -146.73009382260733,
        "phi": -146.73009382260733,
        "e": -0.394501,
        "f": 0.099968,
        "prob": 0.02,
        "color": [
            255,
            128,
            0
        ]
    },
    "13": {
        "r": -0.190187,
        "s": 0.767357,
        "theta": -139.5301566318617,
        "phi": -139.5301566318617,
        "e": -0.40392,
        "f": 0.049736,
        "prob": 0.02,
        "color": [
            255,
            0,
            128
        ]
    },
    "14": {
        "r": -0.16835,
        "s": 0.79293,
        "theta": -132.33011359304527,
        "phi": -132.33011359304527,
        "e": -0.406969,
        "f": -0.001281,
        "prob": 0.02,
        "color": [
            0,
            255,
            128
        ]
    },
    "15": {
        "r": -0.143859,
        "s": 0.805998,
        "theta": -125.1301321333091,
        "phi": -125.1301321333091,
        "e": -0.403599,
        "f": -0.052278,
        "prob": 0.02,
        "color": [
            128,
            255,
            0
        ]
    },
    "16": {
        "r": -0.117099,
        "s": 0.806354,
        "theta": -117.93019120696766,
        "phi": -117.93019120696766,
        "e": -0.393864,
        "f": -0.10245,
        "prob": 0.02,
        "color": [
            128,
            0,
            255
        ]
    },
    "17": {
        "r": -0.088492,
        "s": 0.793994,
        "theta": -110.73015872916433,
        "phi": -110.73015872916433,
        "e": -0.377918,
        "f": -0.151006,
        "prob": 0.02,
        "color": [
            0,
            128,
            255
        ]
    },
    "18": {
        "r": -0.058489,
        "s": 0.769112,
        "theta": -103.53007963031929,
        "phi": -103.53007963031929,
        "e": -0.356012,
        "f": -0.197181,
        "prob": 0.02,
        "color": [
            192,
            192,
            192
        ]
    },
    "19": {
        "r": -0.027564,
        "s": 0.732101,
        "theta": -96.33006813709575,
        "phi": -96.33006813709575,
        "e": -0.328492,
        "f": -0.240246,
        "prob": 0.02,
        "color": [
            61,
            50,
            27
        ]
    },
    "20": {
        "r": 0.003796,
        "s": 0.683544,
        "theta": -89.12998682762111,
        "phi": -89.12998682762111,
        "e": -0.29579,
        "f": -0.279523,
        "prob": 0.02,
        "color": [
            22,
            32,
            167
        ]
    },
    "21": {
        "r": 0.035095,
        "s": 0.624207,
        "theta": -81.93015052750923,
        "phi": -81.93015052750923,
        "e": -0.258425,
        "f": -0.314391,
        "prob": 0.02,
        "color": [
            246,
            184,
            230
        ]
    },
    "22": {
        "r": 0.065842,
        "s": 0.555026,
        "theta": -74.73000679479969,
        "phi": -74.73000679479969,
        "e": -0.216983,
        "f": -0.344301,
        "prob": 0.02,
        "color": [
            122,
            123,
            72
        ]
    },
    "23": {
        "r": 0.09555,
        "s": 0.477092,
        "theta": -67.52998567163174,
        "phi": -67.52998567163174,
        "e": -0.17212,
        "f": -0.368782,
        "prob": 0.02,
        "color": [
            69,
            120,
            41
        ]
    },
    "24": {
        "r": 0.123751,
        "s": 0.391634,
        "theta": -60.330022907589466,
        "phi": -60.330022907589466,
        "e": -0.124542,
        "f": -0.387446,
        "prob": 0.02,
        "color": [
            155,
            1,
            43
        ]
    },
    "25": {
        "r": 0.15,
        "s": 0.3,
        "theta": -53.13010235415599,
        "phi": -53.13010235415599,
        "e": -0.075,
        "f": -0.4,
        "prob": 0.02,
        "color": [
            107,
            193,
            196
        ]
    },
    "26": {
        "r": 0.173884,
        "s": 0.203635,
        "theta": -45.93008510559335,
        "phi": -45.93008510559335,
        "e": -0.024275,
        "f": -0.406246,
        "prob": 0.02,
        "color": [
            68,
            107,
            252
        ]
    },
    "27": {
        "r": 0.195026,
        "s": 0.104058,
        "theta": -38.729997053952204,
        "phi": -38.729997053952204,
        "e": 0.026832,
        "f": -0.406085,
        "prob": 0.02,
        "color": [
            105,
            74,
            218
        ]
    },
    "28": {
        "r": 0.213091,
        "s": 0.00284,