{
    "0": {
        "r": 0.4,
        "s": 0.4,
        "theta": -41.18592516570964,
        "phi": -41.18592516570964,
        "e": 0.01,
        "f": 0.2,
        "prob": 0.111111,
        "color": [
            255,
            0,
            0
        ]
    },
    "1": {
        "r": 0.531394,
        "s": 0.242139,
        "theta": -1.1858688210690416,
        "phi": -1.1858688210690416,
        "e": -0.120897,
        "f": 0.159637,
        "prob": 0.111111,
        "color": [
            0,
            255,
            0
        ]
    },
    "2": {
        "r": 0.414142,
        "s": -0.029022,
        "theta": 38.81405371855674,
        "phi": 38.81405371855674,
        "e": -0.195225,
        "f": 0.044578,
        "prob": 0.111111,
        "color": [
            0,
            0,
            255
        ]
    },
    "3": {
        "r": 0.103109,
        "s": -0.286603,
        "theta": 78.81405996415802,
        "phi": 78.81405996415802,
        "e": -0.178205,
        "f": -0.09134,
        "prob": 0.111111,
        "color": [
            255,
            255,
            0
        ]
    },
    "4": {
        "r": -0.25617,
        "s": -0.410079,
        "theta": 118.81404771181403,
        "phi": 118.81404771181403,
        "e": -0.077801,
        "f": -0.184518,
        "prob": 0.111111,
        "color": [
            255,
            0,
            255
        ]
    },
    "5": {
        "r": -0.495584,
        "s": -0.341675,
        "theta": 158.8141071768626,
        "phi": 158.8141071768626,
        "e": 0.059007,
        "f": -0.191359,
        "prob": 0.111111,
        "color": [
            0,
            255,
            255
        ]
    },
    "6": {
        "r": -0.503109,
        "s": -0.113398,
        "theta": -161.1859454245,
        "phi": -161.1859454245,
        "e": 0.168205,
        "f": -0.10866,
        "prob": 0.111111,
        "color": [
            128,
            0,
            0
        ]
    },
    "7": {
        "r": -0.275223,
        "s": 0.16794,
        "theta": -121.18588231545876,
        "phi": -121.18588231545876,
        "e": 0.198698,
        "f": 0.024882,
        "prob": 0.111111,
        "color": [
            0,
            128,
            0
        ]
    },
    "8": {
        "r": 0.081442,
        "s": 0.370697,
        "theta": -81.18594391863023,
        "phi": -81.18594391863023,
        "e": 0.136218,
        "f": 0.146781,
        "prob": 0.111111,
        "color": [
            0,
            0,
            128
        ]
    }
}