{
    "0": {
        "r": 0.4123105625617661,
        "s": 0.5315072906367325,
        "theta": -14.036243467926477,
        "phi": -14.036243467926477,
        "e": 0.01,
        "f": 0.2,
        "prob": 0.111111,
        "color": [
            255,
            0,
            0
        ]
    },
    "1": {
        "r": 0.627493921592871,
        "s": 0.24238872771026296,
        "theta": -32.12917418441325,
        "phi": -32.12917418441325,
        "e": -0.120897,
        "f": 0.159637,
        "prob": 0.111111,
        "color": [
            0,
            255,
            0
        ]
    },
    "2": {
        "r": 0.5836706392375755,
        "s": 0.3344077358554972,
        "theta": -44.80189537198498,
        "phi": -44.80189537198498,
        "e": -0.195225,
        "f": 0.044578,
        "prob": 0.111111,
        "color": [
            0,
            0,
            255
        ]
    },
    "3": {
        "r": 0.31383172876718507,
        "s": 0.5949871155823461,
        "theta": -70.81929011237519,
        "phi": -70.81929011237519,
        "e": -0.178205,
        "f": -0.09134,
        "prob": 0.111111,
        "color": [
            255,
            255,
            0
        ]
    },
    "4": {
        "r": 0.25972725852516904,
        "s": 0.620517693254592,
        "theta": -170.50634363584774,
        "phi": -170.50634363584774,
        "e": -0.077801,
        "f": -0.184518,
        "prob": 0.111111,
        "color": [
            255,
            0,
            255
        ]
    },
    "5": {
        "r": 0.5466822887061552,
        "s": 0.39196692294248503,
        "theta": 155.03016918825764,
        "phi": 155.03016918825764,
        "e": 0.059007,
        "f": -0.191359,
        "prob": 0.111111,
        "color": [
            0,
            255,
            255
        ]
    },
    "6": {
        "r": 0.6405150692848686,
        "s": 0.20552492428900201,
        "theta": 141.76469288410593,
        "phi": 141.76469288410593,
        "e": 0.168205,
        "f": -0.10866,
        "prob": 0.111111,
        "color": [
            128,
            0,
            0
        ]
    },
    "7": {
        "r": 0.46641572346244936,
        "s": 0.48472253258952175,
        "theta": 126.16274781767513,
        "phi": 126.16274781767513,
        "e": 0.198698,
        "f": 0.024882,
        "prob": 0.111111,
        "color": [
            0,
            128,
            0
        ]
    },
    "8": {
        "r": 0.19803287728304106,
        "s": 0.6428715806208889,
        "theta": 65.71630712366033,
        "phi": 65.71630712366033,
        "e": 0.136218,
        "f": 0.146781,
        "prob": 0.111111,
        "color": [
            0,
            0,
            128
        ]
    }
}