{
    "0": {
        "r": 0.053,
        "s": 0.429,
        "theta": 90.0,
        "phi": 90.0,
        "e": -7.083,
        "f": 5.43,
        "prob": 0.093165,
        "color": [
            255,
            0,
            0
        ]
    },
    "1": {
        "r": 0.143,
        "s": 0.053,
        "theta": 0.0,
        "phi": 0.0,
        "e": -5.619,
        "f": 8.513,
        "prob": 0.031055,
        "color": [
            0,
            255,
            0
        ]
    },
    "2": {
        "r": 0.143,
        "s": 0.083,
        "theta": 0.0,
        "phi": 0.0,
        "e": -5.619,
        "f": 2.057,
        "prob": 0.048633,
        "color": [
            0,
            0,
            255
        ]
    },
    "3": {
        "r": 0.053,
        "s": 0.429,
        "theta": 90.0,
        "phi": 90.0,
        "e": -3.952,
        "f": 5.43,
        "prob": 0.093165,
        "color": [
            255,
            255,
            0
        ]
    },
    "4": {
        "r": 0.119,
        "s": 0.053,
        "theta": 0.0,
        "phi": 0.0,
        "e": -2.555,
        "f": 4.536,
        "prob": 0.025843,
        "color": [
            255,
            0,
            255
        ]
    },
    "5": {
        "r": 0.066141136556609,
        "s": 0.4238232499108561,
        "theta": -100.78887687472502,
        "phi": -100.78887687472502,
        "e": -1.226,
        "f": 5.235,
        "prob": 0.112734,
        "color": [
            0,
            255,
            255
        ]
    },
    "6": {
        "r": 0.09913467168453226,
        "s": 0.42074064596851113,
        "theta": 30.713777224170407,
        "phi": 30.713777224170407,
        "e": -0.421,
        "f": 4.569,
        "prob": 0.08176,
        "color": [
            128,
            0,
            0
        ]
    },
    "7": {
        "r": 0.10456594715776259,
        "s": 0.07769112516240191,
        "theta": 2.900384763315376,
        "phi": 2.900384763315376,
        "e": 0.976,
        "f": 8.113,
        "prob": 0.021329,
        "color": [
            0,
            128,
            0
        ]
    },
    "8": {
        "r": 0.04257969703978646,
        "s": 0.42394241081071377,
        "theta": -101.02386763691078,
        "phi": -101.02386763691078,
        "e": 1.934,
        "f": 5.37,
        "prob": 0.072457,
        "color": [
            0,
            0,
            128
        ]
    },
    "9": {
        "r": 0.093,
        "s": 0.053,
        "theta": 0.0,
        "phi": 0.0,
        "e": 0.861,
        "f": 4.536,
        "prob": 0.020197,
        "color": [
            128,
            128,
            0
        ]
    },
    "10": {
        "r": 0.053,
        "s": 0.429,
        "theta": 90.0,
        "phi": 90.0,
        "e": 2.447,
        "f": 5.43,
        "prob": 0.093165,
        "color": [
            128,
            0,
            128
        ]
    },
    "11": {
        "r": 0.119,
        "s": 0.053,
        "theta": 0.0,
        "phi": 0.0,
        "e": 3.363,
        "f": 8.513,
        "prob": 0.025843,
        "color": [
            0,
            128,
            128
        ]
    },
    "12": {
        "r": 0.119,
        "s": 0.053,
        "theta": 0.0,
        "phi": 0.0,
        "e": 3.363,
        "f": 1.487,
        "prob": 0.025843,
        "color": [
            255,
            128,
            0
        ]
    },
    "13": {
        "r": 0.053,
        "s": 0.429,
        "theta": 90.0,
        "phi": 90.0,
        "e": 3.972,
        "f": 4.569,
        "prob": 0.093165,
        "color": [
            255,
            0,
            128
        ]
    },
    "14": {
        "r": 0.12401165108166248,
        "s": 0.06297679104241498,
        "theta": -0.8501467554633043,
        "phi": -0.8501467554633043,
        "e": 6.275,
        "f": 7.716,
        "prob": 0.032001,
        "color": [
            0,
            255,
            128
        ]
    },
    "15": {
        "r": 0.053,
        "s": 0.167,
        "theta": 90.0,
        "phi": 90.0,
        "e": 5.215,
        "f": 6.483,
        "prob": 0.036267,
        "color": [
            128,
            255,
            0
        ]
    },
    "16": {
        "r": 0.071,
        "s": 0.053,
        "theta": 0.0,
        "phi": 0.0,
        "e": 6.279,
        "f": 5.298,
        "prob": 0.015419,
        "color": [
            128,
            0,
            255
        ]
    },
    "17": {
        "r": 0.053,
        "s": 0.238,
        "theta": -90.0,
        "phi": -90.0,
        "e": 6.805,
        "f": 3.714,
        "prob": 0.051686,
        "color": [
            0,
            128,
            255
        ]
    },
    "18": {
        "r": 0.121,
        "s": 0.053,
        "theta": 180.0,
        "phi": 180.0,
        "e": 5.941,
        "f": 1.487,
        "prob": 0.026277,
        "color": [
            192,
            192,
            192
        ]
    }
}