{
    "0": {
        "r": 0.0,
        "s": 0.25,
        "theta": 0.0,
        "phi": 0.0,
        "e": 0.0,
        "f": -0.14,
        "prob": 0.02,
        "color": [
            255,
            0,
            0
        ]
    },
    "1": {
        "r": 0.85,
        "s": 0.83,
        "theta": -1.3478872801985986,
        "phi": -1.3478872801985986,
        "e": 0.0,
        "f": 1.0,
        "prob": 0.84,
        "color": [
            0,
            255,
            0
        ]
    },
    "2": {
        "r": 0.09,
        "s": 0.11,
        "theta": 73.30075576600639,
        "phi": 73.30075576600639,
        "e": 0.0,
        "f": 0.6,
        "prob": 0.07,
        "color": [
            0,
            0,
            255
        ]
    },
    "3": {
        "r": -0.09,
        "s": 0.09,
        "theta": 106.69924423399362,
        "phi": 106.69924423399362,
        "e": 0.0,
        "f": 0.7,
        "prob": 0.07,
        "color": [
            255,
            255,
            0
        ]
    }
}