{
    "0": {
        "r": 0.0,
        "s": 0.25,
        "theta": 0.0,
        "phi": 0.0,
        "e": 0.0,
        "f": -0.14,
        "prob": 0.02,
        "color": [
            255,
            0,
            0
        ]
    },
    "1": {
        "r": 0.850235261559999,
        "s": 0.8302409288875127,
        "theta": 1.3478872801985986,
        "phi": 1.3478872801985986,
        "e": 0.0,
        "f": 1.0,
        "prob": 0.84,
        "color": [
            0,
            255,
            0
        ]
    },
    "2": {
        "r": 0.29410882339705485,
        "s": 0.3195309061734091,
        "theta": -72.18111108547721,
        "phi": -72.18111108547721,
        "e": 0.0,
        "f": 0.6,
        "prob": 0.07,
        "color": [
            0,
            0,
            255
        ]
    },
    "3": {
        "r": 0.29410882339705485,
        "s": 0.3132091952673165,
        "theta": 107.81888891452277,
        "phi": 107.81888891452277,
        "e": 0.0,
        "f": 0.7,
        "prob": 0.07,
        "color": [
            255,
            255,
            0
        ]
    }
}