{
    "0": {
        "r": 0.0,
        "s": 0.25,
        "theta": 0.0,
        "phi": 0.0,
        "e": 0.0,
        "f": -0.4,
        "prob": 0.02,
        "color": [
            255,
            0,
            0
        ]
    },
    "1": {
        "r": 0.95,
        "s": 0.93,
        "theta": -0.30155394986827855,
        "phi": -0.30155394986827855,
        "e": -0.002,
        "f": 0.5,
        "prob": 0.84,
        "color": [
            0,
            255,
            0
        ]
    },
    "2": {
        "r": 0.035,
        "s": 0.04,
        "theta": 77.66091272167381,
        "phi": 77.66091272167381,
        "e": -0.09,
        "f": 0.02,
        "prob": 0.07,
        "color": [
            0,
            0,
            255
        ]
    },
    "3": {
        "r": -0.04,
        "s": 0.04,
        "theta": 104.03624346792648,
        "phi": 104.03624346792648,
        "e": 0.083,
        "f": 0.12,
        "prob": 0.07,
        "color": [
            255,
            255,
            0
        ]
    }
}