{
    "0": {
        "r": 0.0,
        "s": 0.25,
        "theta": 0.0,
        "phi": 0.0,
        "e": 0.0,
        "f": -0.4,
        "prob": 0.02,
        "color": [
            255,
            0,
            0
        ]
    },
    "1": {
        "r": 0.950013157803617,
        "s": 0.9300134407630892,
        "theta": 0.30155394986827855,
        "phi": 0.30155394986827855,
        "e": -0.002,
        "f": 0.5,
        "prob": 0.84,
        "color": [
            0,
            255,
            0
        ]
    },
    "2": {
        "r": 0.20303940504246953,
        "s": 0.16492422502470644,
        "theta": -80.07375449334829,
        "phi": -80.07375449334829,
        "e": -0.09,
        "f": 0.02,
        "prob": 0.07,
        "color": [
            0,
            0,
            255
        ]
    },
    "3": {
        "r": 0.20396078054371142,
        "s": 0.16492422502470644,
        "theta": 101.30993247402021,
        "phi": 101.30993247402021,
        "e": 0.083,
        "f": 0.12,
        "prob": 0.07,
        "color": [
            255,
            255,
            0
        ]
    }
}