{
    "0": {
        "r": 0.3905124837953327,
        "s": 0.3969886648255842,
        "theta": -129.8055710922652,
        "phi": -129.8055710922652,
        "e": 0.5,
        "f": 0.5,
        "prob": 0.0625,
        "color": [
            255,
            0,
            0
        ]
    },
    "1": {
        "r": 0.38993614212714367,
        "s": 0.39755519921766835,
        "theta": -175.84040033879853,
        "phi": -175.84040033879853,
        "e": 0.0,
        "f": 0.707107,
        "prob": 0.0625,
        "color": [
            0,
            255,
            0
        ]
    },
    "2": {
        "r": 0.3969886648255842,
        "s": 0.3905124837953327,
        "theta": 139.08561677997488,
        "phi": 139.08561677997488,
        "e": -0.5,
        "f": 0.5,
        "prob": 0.0625,
        "color": [
            0,
            0,
            255
        ]
    },
    "3": {
        "r": 0.39755519921766835,
        "s": 0.38993614212714367,
        "theta": 95.10211398476346,
        "phi": 95.10211398476346,
        "e": -0.707107,
        "f": 0.0,
        "prob": 0.0625,
        "color": [
            255,
            255,
            0
        ]
    },
    "4": {
        "r": 0.3905124837953327,
        "s": 0.3969886648255842,
        "theta": 50.19442890773481,
        "phi": 50.19442890773481,
        "e": -0.5,
        "f": -0.5,
        "prob": 0.0625,
        "color": [
            255,
            0,
            255
        ]
    },
    "5": {
        "r": 0.38993614212714367,
        "s": 0.39755519921766835,
        "theta": 4.159599661201487,
        "phi": 4.159599661201487,
        "e": 0.0,
        "f": -0.707107,
        "prob": 0.0625,
        "color": [
            0,
            255,
            255
        ]
    },
    "6": {
        "r": 0.3969886648255842,
        "s": 0.3905124837953327,
        "theta": -40.91438322002512,
        "phi": -40.91438322002512,
        "e": 0.5,
        "f": -0.5,
        "prob": 0.0625,
        "color": [
            128,
            0,
            0
        ]
    },
    "7": {
        "r": 0.39755519921766835,
        "s": 0.38993614212714367,
        "theta": -84.89788601523655,
        "phi": -84.89788601523655,
        "e": 0.707107,
        "f": 0.0,
        "prob": 0.0625,
        "color": [
            0,
            128,
            0
        ]
    },
    "8": {
        "r": 0.3905124837953327,
        "s": 0.3969886648255842,
        "theta": -129.8055710922652,
        "phi": -129.8055710922652,
        "e": 0.5,
        "f": -0.5,
        "prob": 0.0625,
        "color": [
            0,
            0,
            128
        ]
    },
    "9": {
        "r": 0.39755519921766835,
        "s": 0.38993614212714367,
        "theta": -84.89788601523655,
        "phi": -84.89788601523655,
        "e": 0.707107,
        "f": 0.0,
        "prob": 0.0625,
        "color": [
            128,
            128,
            0
        ]
    },
    "10": {
        "r": 0.3969886648255842,
        "s": 0.3905124837953327,
        "theta": -40.91438322002512,
        "phi": -40.91438322002512,
        "e": 0.5,
        "f": 0.5,
        "prob": 0.0625,
        "color": [
            128,
            0,
            128
        ]
    },
    "11": {
        "r": 0.38993614212714367,
        "s": 0.39755519921766835,
        "theta": 4.159599661201487,
        "phi": 4.159599661201487,
        "e": 0.0,
        "f": 0.707107,
        "prob": 0.0625,
        "color": [
            0,
            128,
            128
        ]
    },
    "12": {
        "r": 0.3905124837953327,
        "s": 0.3969886648255842,
        "theta": 50.19442890773481,
        "phi": 50.19442890773481,
        "e": -0.5,
        "f": 0.5,
        "prob": 0.0625,
        "color": [
            255,
            128,
            0
        ]
    },
    "13": {
        "r": 0.39755519921766835,
        "s": 0.38993614212714367,
        "theta": 95.10211398476346,
        "phi": 95.10211398476346,
        "e": -0.707107,
        "f": 0.0,
        "prob": 0.0625,
        "color": [
            255,
            0,
            128
        ]
    },
    "14": {
        "r": 0.3969886648255842,
        "s": 0.3905124837953327,
        "theta": 139.08561677997488,
        "phi": 139.08561677997488,
        "e": -0.5,
        "f": -0.5,
        "prob": 0.0625,
        "color": [
            0,
            255,
            128
        ]
    },
    "15": {
        "r": 0.38993614212714367,
        "s": 0.39755519921766835,
        "theta": -175.84040033879853,
        "phi": -175.84040033879853,
        "e": 0.0,
        "f": -0.707107,
        "prob": 0.0625,
        "color": [
            128,
            255,
            0
        ]
    }
}