{
    "0": {
        "r": -0.25,
        "s": -0.26,
        "theta": 129.8055710922652,
        "phi": 129.8055710922652,
        "e": 0.5,
        "f": 0.5,
        "prob": 0.0625,
        "color": [
            255,
            0,
            0
        ]
    },
    "1": {
        "r": -0.388909,
        "s": -0.39598,
        "theta": 174.80562422565467,
        "phi": 174.80562422565467,
        "e": 0.0,
        "f": 0.707107,
        "prob": 0.0625,
        "color": [
            0,
            255,
            0
        ]
    },
    "2": {
        "r": -0.3,
        "s": -0.3,
        "theta": -140.19442890773482,
        "phi": -140.19442890773482,
        "e": -0.5,
        "f": 0.5,
        "prob": 0.0625,
        "color": [
            0,
            0,
            255
        ]
    },
    "3": {
        "r": -0.035355,
        "s": -0.028284,
        "theta": -95.19437577434533,
        "phi": -95.19437577434533,
        "e": -0.707107,
        "f": 0.0,
        "prob": 0.0625,
        "color": [
            255,
            255,
            0
        ]
    },
    "4": {
        "r": 0.25,
        "s": 0.26,
        "theta": -50.19442890773481,
        "phi": -50.19442890773481,
        "e": -0.5,
        "f": -0.5,
        "prob": 0.0625,
        "color": [
            255,
            0,
            255
        ]
    },
    "5": {
        "r": 0.388909,
        "s": 0.39598,
        "theta": -5.194375774345325,
        "phi": -5.194375774345325,
        "e": 0.0,
        "f": -0.707107,
        "prob": 0.0625,
        "color": [
            0,
            255,
            255
        ]
    },
    "6": {
        "r": 0.3,
        "s": 0.3,
        "theta": 39.8055710922652,
        "phi": 39.8055710922652,
        "e": 0.5,
        "f": -0.5,
        "prob": 0.0625,
        "color": [
            128,
            0,
            0
        ]
    },
    "7": {
        "r": 0.035355,
        "s": 0.028284,
        "theta": 84.80562422565468,
        "phi": 84.80562422565468,
        "e": 0.707107,
        "f": 0.0,
        "prob": 0.0625,
        "color": [
            0,
            128,
            0
        ]
    },
    "8": {
        "r": -0.25,
        "s": 0.26,
        "theta": -129.8055710922652,
        "phi": -129.8055710922652,
        "e": 0.5,
        "f": -0.5,
        "prob": 0.0625,
        "color": [
            0,
            0,
            128
        ]
    },
    "9": {
        "r": 0.035355,
        "s": -0.028284,
        "theta": -84.80562422565468,
        "phi": -84.80562422565468,
        "e": 0.707107,
        "f": 0.0,
        "prob": 0.0625,
        "color": [
            128,
            128,
            0
        ]
    },
    "10": {
        "r": 0.3,
        "s": -0.3,
        "theta": -39.8055710922652,
        "phi": -39.8055710922652,
        "e": 0.5,
        "f": 0.5,
        "prob": 0.0625,
        "color": [
            128,
            0,
            128
        ]
    },
    "11": {
        "r": 0.388909,
        "s": -0.39598,
        "theta": 5.194375774345325,
        "phi": 5.194375774345325,
        "e": 0.0,
        "f": 0.707107,
        "prob": 0.0625,
        "color": [
            0,
            128,
            128
        ]
    },
    "12": {
        "r": 0.25,
        "s": -0.26,
        "theta": 50.19442890773481,
        "phi": 50.19442890773481,
        "e": -0.5,
        "f": 0.5,
        "prob": 0.0625,
        "color": [
            255,
            128,
            0
        ]
    },
    "13": {
        "r": -0.035355,
        "s": 0.028284,
        "theta": 95.19437577434533,
        "phi": 95.19437577434533,
        "e": -0.707107,
        "f": 0.0,
        "prob": 0.0625,
        "color": [
            255,
            0,
            128
        ]
    },
    "14": {
        "r": -0.3,
        "s": 0.3,
        "theta": 140.19442890773482,
        "phi": 140.19442890773482,
        "e": -0.5,
        "f": -0.5,
        "prob": 0.0625,
        "color": [
            0,
            255,
            128
        ]
    },
    "15": {
        "r": -0.388909,
        "s": 0.39598,
        "theta": -174.80562422565467,
        "phi": -174.80562422565467,
        "e": 0.0,
        "f": -0.707107,
        "prob": 0.0625,
        "color": [
            128,
            255,
            0
        ]
    }
}