{
    "0": {
        "r": 0.0,
        "s": 0.172033,
        "theta": 0.0,
        "phi": 0.0,
        "e": 0.496139,
        "f": -0.09051,
        "prob": 0.01,
        "color": [
            255,
            0,
            0
        ]
    },
    "1": {
        "r": 0.075906,
        "s": 0.204233,
        "theta": -73.55163589985555,
        "phi": -73.55163589985555,
        "e": 0.494173,
        "f": 0.132616,
        "prob": 0.075,
        "color": [
            0,
            255,
            0
        ]
    },
    "2": {
        "r": 0.82113,
        "s": 0.84528,
        "theta": 2.0783651875817344,
        "phi": 2.0783651875817344,
        "e": 0.087877,
        "f": 0.175709,
        "prob": 0.84,
        "color": [
            0,
            0,
            255
        ]
    },
    "3": {
        "r": -0.023936,
        "s": 0.074403,
        "theta": -94.23288388710606,
        "phi": -94.23288388710606,
        "e": 0.470356,
        "f": 0.259738,
        "prob": 0.075,
        "color": [
            255,
            255,
            0
        ]
    }
}