{
    "0": {
        "r": 0.0,
        "s": 0.172033,
        "theta": 0.0,
        "phi": 0.0,
        "e": 0.496139,
        "f": -0.09051,
        "prob": 0.01,
        "color": [
            255,
            0,
            0
        ]
    },
    "1": {
        "r": 0.3213777248985996,
        "s": 0.3283505737987981,
        "theta": 76.33825800553618,
        "phi": 76.33825800553618,
        "e": 0.494173,
        "f": 0.132616,
        "prob": 0.075,
        "color": [
            0,
            255,
            0
        ]
    },
    "2": {
        "r": 0.821621154136747,
        "s": 0.8458050950431784,
        "theta": -1.9812184520987317,
        "phi": -1.9812184520987317,
        "e": 0.087877,
        "f": 0.175709,
        "prob": 0.84,
        "color": [
            0,
            0,
            255
        ]
    },
    "3": {
        "r": 0.35686563289282985,
        "s": 0.331853281487467,
        "theta": -93.845879321833,
        "phi": -93.845879321833,
        "e": 0.470356,
        "f": 0.259738,
        "prob": 0.075,
        "color": [
            255,
            255,
            0
        ]
    }
}