{
    "0": {
        "r": 0.0,
        "s": 0.25,
        "theta": 0.0,
        "phi": 0.0,
        "e": 0.0,
        "f": -0.4,
        "prob": 0.02,
        "color": [
            255,
            0,
            0
        ]
    },
    "1": {
        "r": 0.95,
        "s": 0.93,
        "theta": -0.12062251550695383,
        "phi": -0.12062251550695383,
        "e": -0.002,
        "f": 0.5,
        "prob": 0.84,
        "color": [
            0,
            255,
            0
        ]
    },
    "2": {
        "r": 0.035,
        "s": 0.01,
        "theta": 82.61395684873273,
        "phi": 82.61395684873273,
        "e": -0.05,
        "f": 0.005,
        "prob": 0.07,
        "color": [
            0,
            0,
            255
        ]
    },
    "3": {
        "r": -0.04,
        "s": 0.01,
        "theta": 98.42696902148067,
        "phi": 98.42696902148067,
        "e": 0.047,
        "f": 0.06,
        "prob": 0.07,
        "color": [
            255,
            255,
            0
        ]
    }
}