{
    "0": {
        "r": 0.0,
        "s": 0.25,
        "theta": 0.0,
        "phi": 0.0,
        "e": 0.0,
        "f": -0.4,
        "prob": 0.02,
        "color": [
            255,
            0,
            0
        ]
    },
    "1": {
        "r": 0.9500021052608252,
        "s": 0.930002150535148,
        "theta": 0.12062251550695384,
        "phi": 0.12062251550695384,
        "e": -0.002,
        "f": 0.5,
        "prob": 0.84,
        "color": [
            0,
            255,
            0
        ]
    },
    "2": {
        "r": 0.11543396380615195,
        "s": 0.27018512172212594,
        "theta": -72.34987578006988,
        "phi": -72.34987578006988,
        "e": -0.05,
        "f": 0.005,
        "prob": 0.07,
        "color": [
            0,
            0,
            255
        ]
    },
    "3": {
        "r": 0.11704699910719625,
        "s": 0.27018512172212594,
        "theta": 109.98310652189998,
        "phi": 109.98310652189998,
        "e": 0.047,
        "f": 0.06,
        "prob": 0.07,
        "color": [
            255,
            255,
            0
        ]
    }
}