{
    "0": {
        "r": 0.285714,
        "s": 0.285714,
        "theta": -40.89264037328473,
        "phi": -40.89264037328473,
        "e": 0.0,
        "f": 0.0,
        "prob": 0.142857,
        "color": [
            255,
            0,
            0
        ]
    },
    "1": {
        "r": 0.285714,
        "s": 0.285714,
        "theta": -40.89264037328473,
        "phi": -40.89264037328473,
        "e": 0.5,
        "f": 0.866,
        "prob": 0.142857,
        "color": [
            0,
            255,
            0
        ]
    },
    "2": {
        "r": 0.285714,
        "s": 0.285714,
        "theta": -40.89264037328473,
        "phi": -40.89264037328473,
        "e": -0.5,
        "f": 0.866,
        "prob": 0.142857,
        "color": [
            0,
            0,
            255
        ]
    },
    "3": {
        "r": 0.285714,
        "s": 0.285714,
        "theta": -40.89264037328473,
        "phi": -40.89264037328473,
        "e": -1.0,
        "f": 0.0,
        "prob": 0.142857,
        "color": [
            255,
            255,
            0
        ]
    },
    "4": {
        "r": 0.285714,
        "s": 0.285714,
        "theta": -40.89264037328473,
        "phi": -40.89264037328473,
        "e": -0.5,
        "f": -0.866,
        "prob": 0.142857,
        "color": [
            255,
            0,
            255
        ]
    },
    "5": {
        "r": 0.285714,
        "s": 0.285714,
        "theta": -40.89264037328473,
        "phi": -40.89264037328473,
        "e": 0.5,
        "f": -0.866,
        "prob": 0.142857,
        "color": [
            0,
            255,
            255
        ]
    },
    "6": {
        "r": 0.285714,
        "s": 0.285714,
        "theta": -40.89264037328473,
        "phi": -40.89264037328473,
        "e": 1.0,
        "f": 0.0,
        "prob": 0.142857,
        "color": [
            128,
            0,
            0
        ]
    }
}