{
    "0": {
        "r": 0.7071067811865476,
        "s": 0.7071067811865476,
        "theta": -45.0,
        "phi": -45.0,
        "e": 0.0,
        "f": 0.0,
        "prob": 0.25,
        "color": [
            255,
            0,
            0
        ]
    },
    "1": {
        "r": 0.7071067811865476,
        "s": 0.7071067811865476,
        "theta": 135.0,
        "phi": 135.0,
        "e": 0.0,
        "f": 0.0,
        "prob": 0.25,
        "color": [
            0,
            255,
            0
        ]
    },
    "2": {
        "r": 0.7071067811865476,
        "s": 0.7071067811865476,
        "theta": -135.0,
        "phi": -135.0,
        "e": 1.0,
        "f": 0.0,
        "prob": 0.25,
        "color": [
            0,
            0,
            255
        ]
    },
    "3": {
        "r": 0.7071067811865476,
        "s": 0.7071067811865476,
        "theta": 45.0,
        "phi": 45.0,
        "e": -1.0,
        "f": 0.0,
        "prob": 0.25,
        "color": [
            255,
            255,
            0
        ]
    }
}