{
    "0": {
        "r": 0.5,
        "s": 0.5,
        "theta": 0.0,
        "phi": 0.0,
        "e": 0.5,
        "f": 0.0,
        "prob": 0.166667,
        "color": [
            255,
            0,
            0
        ]
    },
    "1": {
        "r": 0.5000002581689333,
        "s": 0.5000002581689333,
        "theta": -60.00001708030886,
        "phi": -60.00001708030886,
        "e": 0.25,
        "f": 0.433013,
        "prob": 0.166667,
        "color": [
            0,
            255,
            0
        ]
    },
    "2": {
        "r": 0.5000002581689333,
        "s": 0.5000002581689333,
        "theta": -119.99998291969115,
        "phi": -119.99998291969115,
        "e": -0.25,
        "f": 0.433013,
        "prob": 0.166667,
        "color": [
            0,
            0,
            255
        ]
    },
    "3": {
        "r": 0.5,
        "s": 0.5,
        "theta": 180.0,
        "phi": 180.0,
        "e": -0.5,
        "f": 0.0,
        "prob": 0.166667,
        "color": [
            255,
            255,
            0
        ]
    },
    "4": {
        "r": 0.5000002581689333,
        "s": 0.5000002581689333,
        "theta": 119.99998291969115,
        "phi": 119.99998291969115,
        "e": -0.25,
        "f": -0.433013,
        "prob": 0.166667,
        "color": [
            255,
            0,
            255
        ]
    },
    "5": {
        "r": 0.5000002581689333,
        "s": 0.5000002581689333,
        "theta": 60.00001708030886,
        "phi": 60.00001708030886,
        "e": 0.25,
        "f": -0.433013,
        "prob": 0.166667,
        "color": [
            0,
            255,
            255
        ]
    }
}