{
    "0": {
        "r": 0.7453561415712626,
        "s": 0.47140404938651087,
        "theta": -63.43498320038284,
        "phi": -63.43498320038284,
        "e": 0.0,
        "f": 0.0,
        "prob": 0.333333,
        "color": [
            255,
            0,
            0
        ]
    },
    "1": {
        "r": 0.7453561415712626,
        "s": 0.47140404938651087,
        "theta": -63.43498320038284,
        "phi": -63.43498320038284,
        "e": 2.0,
        "f": 0.0,
        "prob": 0.333333,
        "color": [
            0,
            255,
            0
        ]
    },
    "2": {
        "r": 0.7453561415712626,
        "s": 0.47140404938651087,
        "theta": -63.43498320038284,
        "phi": -63.43498320038284,
        "e": 1.0,
        "f": 0.0,
        "prob": 0.333333,
        "color": [
            0,
            0,
            255
        ]
    }
}