{
    "0": {
        "r": 0.4,
        "s": 0.4,
        "theta": 0.0,
        "phi": 0.0,
        "e": 0.0,
        "f": 0.0,
        "prob": 0.235293,
        "color": [
            255,
            0,
            0
        ]
    },
    "1": {
        "r": 0.1999996476446896,
        "s": 0.1999996476446896,
        "theta": -143.99994452869063,
        "phi": -143.99994452869063,
        "e": 0.4,
        "f": 0.0,
        "prob": 0.058824,
        "color": [
            0,
            255,
            0
        ]
    },
    "2": {
        "r": 0.1999995883245763,
        "s": 0.1999995883245763,
        "theta": -107.9999181698664,
        "phi": -107.9999181698664,
        "e": 0.238197,
        "f": 0.117557,
        "prob": 0.058824,
        "color": [
            0,
            0,
            255
        ]
    },
    "3": {
        "r": 0.1999995883245763,
        "s": 0.1999995883245763,
        "theta": -72.0000818301336,
        "phi": -72.0000818301336,
        "e": 0.176393,
        "f": 0.307768,
        "prob": 0.058824,
        "color": [
            255,
            255,
            0
        ]
    },
    "4": {
        "r": 0.1999996476446896,
        "s": 0.1999996476446896,
        "theta": -36.00005547130937,
        "phi": -36.00005547130937,
        "e": 0.238197,
        "f": 0.49798,
        "prob": 0.058824,
        "color": [
            255,
            0,
            255
        ]
    },
    "5": {
        "r": 0.2,
        "s": 0.2,
        "theta": 0.0,
        "phi": 0.0,
        "e": 0.4,
        "f": 0.615537,
        "prob": 0.058824,
        "color": [
            0,
            255,
            255
        ]
    },
    "6": {
        "r": 0.1999996476446896,
        "s": 0.1999996476446896,
        "theta": 36.00005547130937,
        "phi": 36.00005547130937,
        "e": 0.6,
        "f": 0.615537,
        "prob": 0.058824,
        "color": [
            128,
            0,
            0
        ]
    },
    "7": {
        "r": 0.1999995883245763,
        "s": 0.1999995883245763,
        "theta": 72.0000818301336,
        "phi": 72.0000818301336,
        "e": 0.761803,
        "f": 0.49798,
        "prob": 0.058824,
        "color": [
            0,
            128,
            0
        ]
    },
    "8": {
        "r": 0.1999995883245763,
        "s": 0.1999995883245763,
        "theta": 107.9999181698664,
        "phi": 107.9999181698664,
        "e": 0.823607,
        "f": 0.307768,
        "prob": 0.058824,
        "color": [
            0,
            0,
            128
        ]
    },
    "9": {
        "r": 0.1999996476446896,
        "s": 0.1999996476446896,
        "theta": 143.99994452869063,
        "phi": 143.99994452869063,
        "e": 0.761803,
        "f": 0.117557,
        "prob": 0.058824,
        "color": [
            128,
            128,
            0
        ]
    },
    "10": {
        "r": 0.4,
        "s": 0.4,
        "theta": 0.0,
        "phi": 0.0,
        "e": 0.6,
        "f": 0.0,
        "prob": 0.235293,
        "color": [
            128,
            0,
            128
        ]
    }
}