{
    "0": {
        "r": 0.333333,
        "s": 0.333333,
        "theta": 0.0,
        "phi": 0.0,
        "e": 0.0,
        "f": 0.0,
        "prob": 0.03125,
        "color": [
            255,
            0,
            0
        ]
    },
    "1": {
        "r": 0.0,
        "s": 0.0,
        "theta": 90.0,
        "phi": 90.0,
        "e": 0.0,
        "f": 0.0,
        "prob": 0.03125,
        "color": [
            0,
            255,
            0
        ]
    },
    "2": {
        "r": -0.333333,
        "s": -0.333333,
        "theta": 180.0,
        "phi": 180.0,
        "e": 0.0,
        "f": 0.0,
        "prob": 0.03125,
        "color": [
            0,
            0,
            255
        ]
    },
    "3": {
        "r": 0.0,
        "s": 0.0,
        "theta": -90.0,
        "phi": -90.0,
        "e": 0.0,
        "f": 0.0,
        "prob": 0.03125,
        "color": [
            255,
            255,
            0
        ]
    },
    "4": {
        "r": 0.333333,
        "s": -0.333333,
        "theta": 0.0,
        "phi": 0.0,
        "e": 0.0,
        "f": 0.0,
        "prob": 0.03125,
        "color": [
            255,
            0,
            255
        ]
    },
    "5": {
        "r": 0.0,
        "s": 0.0,
        "theta": 90.0,
        "phi": 90.0,
        "e": 0.0,
        "f": 0.0,
        "prob": 0.03125,
        "color": [
            0,
            255,
            255
        ]
    },
    "6": {
        "r": -0.333333,
        "s": 0.333333,
        "theta": 180.0,
        "phi": 180.0,
        "e": 0.0,
        "f": 0.0,
        "prob": 0.03125,
        "color": [
            128,
            0,
            0
        ]
    },
    "7": {
        "r": 0.0,
        "s": 0.0,
        "theta": -90.0,
        "phi": -90.0,
        "e": 0.0,
        "f": 0.0,
        "prob": 0.03125,
        "color": [
            0,
            128,
            0
        ]
    },
    "8": {
        "r": 0.166667,
        "s": 0.166667,
        "theta": 59.999938812836525,
        "phi": 59.999938812836525,
        "e": 0.333333,
        "f": 0.0,
        "prob": 0.03125,
        "color": [
            0,
            0,
            128
        ]
    },
    "9": {
        "r": -0.288675,
        "s": -0.288675,
        "theta": 149.99993881283655,
        "phi": 149.99993881283655,
        "e": 0.0,
        "f": 0.333333,
        "prob": 0.03125,
        "color": [
            128,
            128,
            0
        ]
    },
    "10": {
        "r": -0.166667,
        "s": -0.166667,
        "theta": -120.00006118716348,
        "phi": -120.00006118716348,
        "e": -0.333333,
        "f": 0.0,
        "prob": 0.03125,
        "color": [
            128,
            0,
            128
        ]
    },
    "11": {
        "r": 0.288675,
        "s": 0.288675,
        "theta": -30.000061187163478,
        "phi": -30.000061187163478,
        "e": 0.0,
        "f": -0.333333,
        "prob": 0.03125,
        "color": [
            0,
            128,
            128
        ]
    },
    "12": {
        "r": 0.166667,
        "s": -0.166667,
        "theta": -59.999938812836525,
        "phi": -59.999938812836525,
        "e": 0.333333,
        "f": 0.0,
        "prob": 0.03125,
        "color": [
            255,
            128,
            0
        ]
    },
    "13": {
        "r": 0.288675,
        "s": -0.288675,
        "theta": 30.000061187163478,
        "phi": 30.000061187163478,
        "e": 0.0,
        "f": 0.333333,
        "prob": 0.03125,
        "color": [
            255,
            0,
            128
        ]
    },
    "14": {
        "r": -0.166667,
        "s": 0.166667,
        "theta": 120.00006118716348,
        "phi": 120.00006118716348,
        "e": -0.333333,
        "f": 0.0,
        "prob": 0.03125,
        "color": [
            0,
            255,
            128
        ]
    },
    "15": {
        "r": -0.288675,
        "s": 0.288675,
        "theta": -149.99993881283655,
        "phi": -149.99993881283655,
        "e": 0.0,
        "f": -0.333333,
        "prob": 0.03125,
        "color": [
            128,
            255,
            0
        ]
    },
    "16": {
        "r": 0.166667,
        "s": 0.166667,
        "theta": -59.999938812836525,
        "phi": -59.999938812836525,
        "e": 0.5,
        "f": 0.288675,
        "prob": 0.03125,
        "color": [
            128,
            0,
            255
        ]
    },
    "17": {
        "r": 0.288675,
        "s": 0.288675,
        "theta": 30.000061187163478,
        "phi": 30.000061187163478,
        "e": -0.288675,
        "f": 0.5,
        "prob": 0.03125,
        "color": [
            0,
            128,
            255
        ]
    },
    "18": {
        "r": -0.166667,
        "s": -0.166667,
        "theta": 120.00006118716348,
        "phi": 120.00006118716348,
        "e": -0.5,
        "f": -0.288675,
        "prob": 0.03125,
        "color": [
            192,
            192,
            192
        ]
    },
    "19": {
        "r": -0.288675,
        "s": -0.288675,
        "theta": -149.99993881283655,
        "phi": -149.99993881283655,
        "e": 0.288675,
        "f": -0.5,
        "prob": 0.03125,
        "color": [
            227,
            199,
            8
        ]
    },
    "20": {
        "r": 0.166667,
        "s": -0.166667,
        "theta": 59.999938812836525,
        "phi": 59.999938812836525,
        "e": 0.5,
        "f": -0.288675,
        "prob": 0.03125,
        "color": [
            56,
            189,
            229
        ]
    },
    "21": {
        "r": -0.288675,
        "s": 0.288675,
        "theta": 149.99993881283655,
        "phi": 149.99993881283655,
        "e": 0.288675,
        "f": 0.5,
        "prob": 0.03125,
        "color": [
            112,
            62,
            108
        ]
    },
    "22": {
        "r": -0.166667,
        "s": 0.166667,
        "theta": -120.00006118716348,
        "phi": -120.00006118716348,
        "e": -0.5,
        "f": 0.288675,
        "prob": 0.03125,
        "color": [
            53,
            166,
            161
        ]
    },
    "23": {
        "r": 0.288675,
        "s": -0.288675,
        "theta": -30.000061187163478,
        "phi": -30.000061187163478,
        "e": -0.288675,
        "f": -0.5,
        "prob": 0.03125,
        "color": [
            42,
            107,
            22
        ]
    },
    "24": {
        "r": 0.333333,
        "s": 0.333333,
        "theta": 0.0,
        "phi": 0.0,
        "e": 0.666667,
        "f": 0.0,
        "prob": 0.03125,
        "color": [
            245,
            99,
            232
        ]
    },
    "25": {
        "r": 0.0,
        "s": 0.0,
        "theta": 90.0,
        "phi": 90.0,
        "e": 0.0,
        "f": 0.666667,
        "prob": 0.03125,
        "color": [
            1,
            192,
            80
        ]
    },
    "26": {
        "r": -0.333333,
        "s": -0.333333,
        "theta": 180.0,
        "phi": 180.0,
        "e": -0.666667,
        "f": 0.0,
        "prob": 0.03125,
        "color": [
            200,
            31,
            11
        ]
    },
    "27": {
        "r": 0.0,
        "s": 0.0,
        "theta": -90.0,
        "phi": -90.0,
        "e": 0.0,
        "f": -0.666667,
        "prob": 0.03125,
        "color": [
            145,
            28,
            204
        ]
    },
    "28": {
        "r": 0.333333,
        "s": -0.333333,
        "theta": 0.0,
        "phi": 0.0,
        "e": 0.666667,
        "f": 0.0,
        "prob": 0.03125,
        "color": [
            132,
            231,
            197
        ]
    },
    "29": {
        "r": 0.0,
        "s": 0.0,
        "theta": 90.0,
        "phi": 90.0,
        "e": 0.0,
        "f": 0.666667,
        "prob": 0.03125,
        "color": [
            22,
            146,
            181
        ]
    },
    "30": {
        "r": -0.333333,