{
    "0": {
        "r": 0.4,
        "s": 0.4,
        "theta": 0.0,
        "phi": 0.0,
        "e": 0.0,
        "f": 0.0,
        "prob": 0.285713,
        "color": [
            255,
            0,
            0
        ]
    },
    "1": {
        "r": 0.19999979289989278,
        "s": 0.19999979289989278,
        "theta": -128.57149040605918,
        "phi": -128.57149040605918,
        "e": 0.4,
        "f": 0.0,
        "prob": 0.071429,
        "color": [
            0,
            255,
            0
        ]
    },
    "2": {
        "r": 0.20000036552966596,
        "s": 0.20000036552966596,
        "theta": -77.14293593147627,
        "phi": -77.14293593147627,
        "e": 0.275302,
        "f": 0.156366,
        "prob": 0.071429,
        "color": [
            0,
            0,
            255
        ]
    },
    "3": {
        "r": 0.20000031341225444,
        "s": 0.20000031341225444,
        "theta": -25.714322659525912,
        "phi": -25.714322659525912,
        "e": 0.319806,
        "f": 0.351352,
        "prob": 0.071429,
        "color": [
            255,
            255,
            0
        ]
    },
    "4": {
        "r": 0.20000031341225444,
        "s": 0.20000031341225444,
        "theta": 25.714322659525912,
        "phi": 25.714322659525912,
        "e": 0.5,
        "f": 0.438129,
        "prob": 0.071429,
        "color": [
            255,
            0,
            255
        ]
    },
    "5": {
        "r": 0.20000036552966596,
        "s": 0.20000036552966596,
        "theta": 77.14293593147627,
        "phi": 77.14293593147627,
        "e": 0.680194,
        "f": 0.351352,
        "prob": 0.071429,
        "color": [
            0,
            255,
            255
        ]
    },
    "6": {
        "r": 0.19999979289989278,
        "s": 0.19999979289989278,
        "theta": 128.57149040605918,
        "phi": 128.57149040605918,
        "e": 0.724698,
        "f": 0.156366,
        "prob": 0.071429,
        "color": [
            128,
            0,
            0
        ]
    },
    "7": {
        "r": 0.4,
        "s": 0.4,
        "theta": 0.0,
        "phi": 0.0,
        "e": 0.6,
        "f": 0.0,
        "prob": 0.285713,
        "color": [
            0,
            128,
            0
        ]
    }
}