{
    "0": {
        "r": 0.333,
        "s": 0.333,
        "theta": 0.0,
        "phi": 0.0,
        "e": 0.0,
        "f": 0.0,
        "prob": 1.0,
        "color": [
            255,
            0,
            0
        ]
    },
    "1": {
        "r": 0.167,
        "s": 0.167,
        "theta": 59.97832965088001,
        "phi": 59.97832965088001,
        "e": 0.333,
        "f": 0.0,
        "prob": 1.0,
        "color": [
            0,
            255,
            0
        ]
    },
    "2": {
        "r": 0.167,
        "s": 0.167,
        "theta": -59.97832965088001,
        "phi": -59.97832965088001,
        "e": 0.5,
        "f": 0.289,
        "prob": 1.0,
        "color": [
            0,
            0,
            255
        ]
    },
    "3": {
        "r": 0.333,
        "s": 0.333,
        "theta": 0.0,
        "phi": 0.0,
        "e": 0.667,
        "f": 0.0,
        "prob": 1.0,
        "color": [
            255,
            255,
            0
        ]
    }
}