{
    "0": {
        "r": 0.425,
        "s": 0.425,
        "theta": 0.0,
        "phi": 0.0,
        "e": 0.0,
        "f": 0.0,
        "prob": 0.36398,
        "color": [
            255,
            0,
            0
        ]
    },
    "1": {
        "r": -0.093523,
        "s": -0.093523,
        "theta": 128.57122200929544,
        "phi": 128.57122200929544,
        "e": 0.425,
        "f": 0.0,
        "prob": 0.04534,
        "color": [
            0,
            255,
            0
        ]
    },
    "2": {
        "r": 0.033378,
        "s": 0.033378,
        "theta": 77.14289343330398,
        "phi": 77.14289343330398,
        "e": 0.331477,
        "f": 0.117275,
        "prob": 0.04534,
        "color": [
            0,
            0,
            255
        ]
    },
    "3": {
        "r": 0.135145,
        "s": 0.135145,
        "theta": 25.71449156161009,
        "phi": 25.71449156161009,
        "e": 0.364855,
        "f": 0.263514,
        "prob": 0.04534,
        "color": [
            255,
            255,
            0
        ]
    },
    "4": {
        "r": 0.135145,
        "s": 0.135145,
        "theta": -25.71449156161009,
        "phi": -25.71449156161009,
        "e": 0.5,
        "f": 0.328597,
        "prob": 0.04534,
        "color": [
            255,
            0,
            255
        ]
    },
    "5": {
        "r": 0.033378,
        "s": 0.033378,
        "theta": -77.14289343330398,
        "phi": -77.14289343330398,
        "e": 0.635145,
        "f": 0.263514,
        "prob": 0.04534,
        "color": [
            0,
            255,
            255
        ]
    },
    "6": {
        "r": -0.093523,
        "s": -0.093523,
        "theta": -128.57122200929544,
        "phi": -128.57122200929544,
        "e": 0.668524,
        "f": 0.117275,
        "prob": 0.04534,
        "color": [
            128,
            0,
            0
        ]
    },
    "7": {
        "r": 0.425,
        "s": 0.425,
        "theta": 0.0,
        "phi": 0.0,
        "e": 0.575,
        "f": 0.0,
        "prob": 0.36398,
        "color": [
            0,
            128,
            0
        ]
    }
}