{
    "0": {
        "r": 0.333333,
        "s": 0.333333,
        "theta": 0.0,
        "phi": 0.0,
        "e": 0.0,
        "f": 0.0,
        "prob": 0.2,
        "color": [
            255,
            0,
            0
        ]
    },
    "1": {
        "r": 0.333333,
        "s": 0.333333,
        "theta": -90.0,
        "phi": -90.0,
        "e": 0.333333,
        "f": 0.0,
        "prob": 0.2,
        "color": [
            0,
            255,
            0
        ]
    },
    "2": {
        "r": 0.333333,
        "s": 0.333333,
        "theta": 0.0,
        "phi": 0.0,
        "e": 0.333333,
        "f": 0.333333,
        "prob": 0.2,
        "color": [
            0,
            0,
            255
        ]
    },
    "3": {
        "r": 0.333333,
        "s": 0.333333,
        "theta": 90.0,
        "phi": 90.0,
        "e": 0.666667,
        "f": 0.333333,
        "prob": 0.2,
        "color": [
            255,
            255,
            0
        ]
    },
    "4": {
        "r": 0.333333,
        "s": 0.333333,
        "theta": 0.0,
        "phi": 0.0,
        "e": 0.666667,
        "f": 0.0,
        "prob": 0.2,
        "color": [
            255,
            0,
            255
        ]
    }
}