{
    "0": {
        "r": 0.2439,
        "s": 0.3053,
        "theta": 90.0,
        "phi": 90.0,
        "e": 0.0,
        "f": 0.0,
        "prob": 0.01,
        "color": [
            255,
            0,
            0
        ]
    },
    "1": {
        "r": 0.7255830276405313,
        "s": 0.7430308540027123,
        "theta": 2.6620835581144098,
        "phi": 2.6620835581144098,
        "e": 0.206,
        "f": 0.2538,
        "prob": 0.710544,
        "color": [
            0,
            255,
            0
        ]
    },
    "2": {
        "r": 0.20464843024074236,
        "s": 0.5110330322004635,
        "theta": -39.32880435303393,
        "phi": -39.32880435303393,
        "e": 0.1383,
        "f": 0.175,
        "prob": 0.137386,
        "color": [
            0,
            0,
            255
        ]
    },
    "3": {
        "r": 0.5011050987567378,
        "s": 0.2351821634393221,
        "theta": 47.49095767791407,
        "phi": 47.49095767791407,
        "e": 0.0679,
        "f": 0.0826,
        "prob": 0.142169,
        "color": [
            255,
            255,
            0
        ]
    }
}