{
    "0": {
        "r": 0.5,
        "s": 0.759127,
        "theta": 0.0,
        "phi": 0.0,
        "e": 0.0,
        "f": 0.542236,
        "prob": 0.423635,
        "color": [
            255,
            0,
            0
        ]
    },
    "1": {
        "r": 0.001,
        "s": 0.272,
        "theta": 0.0,
        "phi": 0.0,
        "e": 0.0,
        "f": 0.0,
        "prob": 0.05,
        "color": [
            0,
            255,
            0
        ]
    },
    "2": {
        "r": 0.5913753767701188,
        "s": 0.5000001061919886,
        "theta": 42.27589834813176,
        "phi": 42.27589834813176,
        "e": -0.001575,
        "f": 0.428276,
        "prob": 0.263,
        "color": [
            0,
            0,
            255
        ]
    },
    "3": {
        "r": 0.5913753767701188,
        "s": 0.5000001061919886,
        "theta": -137.72410165186827,
        "phi": -137.72410165186827,
        "e": -0.003556,
        "f": 0.434301,
        "prob": 0.263,
        "color": [
            255,
            255,
            0
        ]
    }
}