{
    "0": {
        "r": 0.0,
        "s": 0.3053,
        "theta": 0.0,
        "phi": 0.0,
        "e": 0.0,
        "f": 0.0,
        "prob": 0.01,
        "color": [
            255,
            0,
            0
        ]
    },
    "1": {
        "r": 0.7248,
        "s": 0.7426,
        "theta": -1.9991651595082207,
        "phi": -1.9991651595082207,
        "e": 0.206,
        "f": 0.2538,
        "prob": 0.710544,
        "color": [
            0,
            255,
            0
        ]
    },
    "2": {
        "r": 0.1583,
        "s": 0.3676,
        "theta": 65.96716725330721,
        "phi": 65.96716725330721,
        "e": 0.1383,
        "f": 0.175,
        "prob": 0.137386,
        "color": [
            0,
            0,
            255
        ]
    },
    "3": {
        "r": 0.3386,
        "s": -0.0756,
        "theta": 33.33324788937505,
        "phi": 33.33324788937505,
        "e": 0.0679,
        "f": 0.0826,
        "prob": 0.142169,
        "color": [
            255,
            255,
            0
        ]
    }
}