{
    "0": {
        "r": 0.202,
        "s": -0.342,
        "theta": -73.65999620747331,
        "phi": -73.65999620747331,
        "e": -0.373,
        "f": -0.653,
        "prob": 0.673,
        "color": [
            255,
            0,
            0
        ]
    },
    "1": {
        "r": 0.138,
        "s": -0.222,
        "theta": -74.62905440719283,
        "phi": -74.62905440719283,
        "e": 0.66,
        "f": -0.277,
        "prob": 0.327097,
        "color": [
            0,
            255,
            0
        ]
    }
}