{
    "0": {
        "r": 0.8299572278135784,
        "s": 0.769210634351866,
        "theta": -75.91352646354531,
        "phi": -75.91352646354531,
        "e": -0.373,
        "f": -0.653,
        "prob": 0.673,
        "color": [
            255,
            0,
            0
        ]
    },
    "1": {
        "r": 0.6791678732095623,
        "s": 0.5488970759623337,
        "theta": 78.27644650235251,
        "phi": 78.27644650235251,
        "e": 0.66,
        "f": -0.277,
        "prob": 0.327097,
        "color": [
            0,
            255,
            0
        ]
    }
}