{
    "0": {
        "r": 0.14035668847618202,
        "s": 0.51,
        "theta": 4.085616779974877,
        "phi": 4.085616779974877,
        "e": -0.08,
        "f": -1.31,
        "prob": 0.059,
        "color": [
            255,
            0,
            0
        ]
    },
    "1": {
        "r": 0.6747592163134936,
        "s": 0.6726812023536856,
        "theta": 50.41186915231703,
        "phi": 50.41186915231703,
        "e": 1.49,
        "f": -0.75,
        "prob": 0.370431,
        "color": [
            0,
            255,
            0
        ]
    },
    "2": {
        "r": 0.6652818951391959,
        "s": 0.6646803743153546,
        "theta": -47.43664824681013,
        "phi": -47.43664824681013,
        "e": -1.62,
        "f": -0.74,
        "prob": 0.364491,
        "color": [
            0,
            0,
            255
        ]
    },
    "3": {
        "r": 0.49,
        "s": 0.51,
        "theta": 0.0,
        "phi": 0.0,
        "e": 0.02,
        "f": 1.62,
        "prob": 0.206171,
        "color": [
            255,
            255,
            0
        ]
    }
}