{
    "0": {
        "r": 0.14,
        "s": 0.51,
        "theta": 0.0,
        "phi": 0.0,
        "e": -0.08,
        "f": -1.31,
        "prob": 0.059,
        "color": [
            255,
            0,
            0
        ]
    },
    "1": {
        "r": 0.43,
        "s": 0.5,
        "theta": -46.30195267257888,
        "phi": -46.30195267257888,
        "e": 1.49,
        "f": -0.75,
        "prob": 0.370431,
        "color": [
            0,
            255,
            0
        ]
    },
    "2": {
        "r": 0.45,
        "s": 0.47,
        "theta": 46.24536426676834,
        "phi": 46.24536426676834,
        "e": -1.62,
        "f": -0.74,
        "prob": 0.364491,
        "color": [
            0,
            0,
            255
        ]
    },
    "3": {
        "r": 0.49,
        "s": 0.51,
        "theta": 0.0,
        "phi": 0.0,
        "e": 0.02,
        "f": 1.62,
        "prob": 0.206171,
        "color": [
            255,
            255,
            0
        ]
    }
}