{
    "0": {
        "r": 0.860671,
        "s": 0.860992,
        "theta": -25.045888769665854,
        "phi": -25.045888769665854,
        "e": 0.108537,
        "f": 0.075138,
        "prob": 0.93,
        "color": [
            255,
            0,
            0
        ]
    },
    "1": {
        "r": 0.094957,
        "s": 0.002036,
        "theta": 68.16779728893552,
        "phi": 68.16779728893552,
        "e": -0.746911,
        "f": 0.047343,
        "prob": 0.02,
        "color": [
            0,
            255,
            0
        ]
    },
    "2": {
        "r": 0.150288,
        "s": 0.146854,
        "theta": 0.0,
        "phi": 0.0,
        "e": -0.563199,
        "f": 0.032007,
        "prob": 0.03,
        "color": [
            0,
            0,
            255
        ]
    },
    "3": {
        "r": 0.324279,
        "s": 0.001348,
        "theta": 1.0327984483072943,
        "phi": 1.0327984483072943,
        "e": -0.557936,
        "f": -0.139735,
        "prob": 0.02,
        "color": [
            255,
            255,
            0
        ]
    }
}