{
    "0": {
        "r": 0.9497085770961532,
        "s": 0.9502913044919437,
        "theta": 25.008175451942694,
        "phi": 25.008175451942694,
        "e": 0.108537,
        "f": 0.075138,
        "prob": 0.93,
        "color": [
            255,
            0,
            0
        ]
    },
    "1": {
        "r": 0.09496221287438493,
        "s": 0.23703174434028876,
        "theta": -0.6003476759093069,
        "phi": -0.6003476759093069,
        "e": -0.746911,
        "f": 0.047343,
        "prob": 0.02,
        "color": [
            0,
            255,
            0
        ]
    },
    "2": {
        "r": 0.150288,
        "s": 0.146854,
        "theta": 0.0,
        "phi": 0.0,
        "e": -0.563199,
        "f": 0.032007,
        "prob": 0.03,
        "color": [
            0,
            0,
            255
        ]
    },
    "3": {
        "r": 0.3242862137217677,
        "s": 0.005999401636830126,
        "theta": -0.38216761858640386,
        "phi": -0.38216761858640386,
        "e": -0.557936,
        "f": -0.139735,
        "prob": 0.02,
        "color": [
            255,
            255,
            0
        ]
    }
}