{
    "0": {
        "r": 0.340621,
        "s": 0.340623,
        "theta": 11.820075458416284,
        "phi": 11.820075458416284,
        "e": 0.0,
        "f": 0.0,
        "prob": 0.166667,
        "color": [
            255,
            0,
            0
        ]
    },
    "1": {
        "r": 0.037463,
        "s": 0.037471,
        "theta": 83.82000798269009,
        "phi": 83.82000798269009,
        "e": 0.341,
        "f": 0.071,
        "prob": 0.166667,
        "color": [
            0,
            255,
            0
        ]
    },
    "2": {
        "r": 0.340621,
        "s": 0.340623,
        "theta": 11.820075458416284,
        "phi": 11.820075458416284,
        "e": 0.379,
        "f": 0.418,
        "prob": 0.166667,
        "color": [
            0,
            0,
            255
        ]
    },
    "3": {
        "r": -0.233669,
        "s": -0.233675,
        "theta": -132.17998275722837,
        "phi": -132.17998275722837,
        "e": 0.72,
        "f": 0.489,
        "prob": 0.166667,
        "color": [
            255,
            255,
            0
        ]
    },
    "4": {
        "r": 0.173052,
        "s": 0.173045,
        "theta": -60.18004937361939,
        "phi": -60.18004937361939,
        "e": 0.486,
        "f": 0.231,
        "prob": 0.166667,
        "color": [
            255,
            0,
            255
        ]
    },
    "5": {
        "r": 0.340621,
        "s": 0.340623,
        "theta": 11.820075458416284,
        "phi": 11.820075458416284,
        "e": 0.659,
        "f": -0.071,
        "prob": 0.166665,
        "color": [
            0,
            255,
            255
        ]
    }
}