{
    "0": {
        "r": 0.34799826330888495,
        "s": 0.3480020643401415,
        "theta": -11.818625084075865,
        "phi": -11.818625084075865,
        "e": 0.0,
        "f": 0.0,
        "prob": 0.166667,
        "color": [
            255,
            0,
            0
        ]
    },
    "1": {
        "r": 0.3479993691057499,
        "s": 0.34800122460273036,
        "theta": -83.81999025847422,
        "phi": -83.81999025847422,
        "e": 0.341,
        "f": 0.071,
        "prob": 0.166667,
        "color": [
            0,
            255,
            0
        ]
    },
    "2": {
        "r": 0.34799826330888495,
        "s": 0.3480020643401415,
        "theta": -11.818625084075865,
        "phi": -11.818625084075865,
        "e": 0.379,
        "f": 0.418,
        "prob": 0.166667,
        "color": [
            0,
            0,
            255
        ]
    },
    "3": {
        "r": 0.34799602431206017,
        "s": 0.34800449932292543,
        "theta": 132.18064607383337,
        "phi": 132.18064607383337,
        "e": 0.72,
        "f": 0.489,
        "prob": 0.166667,
        "color": [
            255,
            255,
            0
        ]
    },
    "4": {
        "r": 0.3480033105877012,
        "s": 0.34799635933296774,
        "theta": 60.18037686270201,
        "phi": 60.18037686270201,
        "e": 0.486,
        "f": 0.231,
        "prob": 0.166667,
        "color": [
            255,
            0,
            255
        ]
    },
    "5": {
        "r": 0.34799826330888495,
        "s": 0.3480020643401415,
        "theta": -11.818625084075865,
        "phi": -11.818625084075865,
        "e": 0.659,
        "f": -0.071,
        "prob": 0.166665,
        "color": [
            0,
            255,
            255
        ]
    }
}