{
    "0": {
        "r": 0.309045,
        "s": 0.309,
        "theta": 35.99995928108391,
        "phi": 35.99995928108391,
        "e": 0.0,
        "f": 0.0,
        "prob": 0.166667,
        "color": [
            255,
            0,
            0
        ]
    },
    "1": {
        "r": -0.118045,
        "s": -0.118045,
        "theta": 108.0000534472362,
        "phi": 108.0000534472362,
        "e": 0.309,
        "f": 0.225,
        "prob": 0.166667,
        "color": [
            0,
            255,
            0
        ]
    },
    "2": {
        "r": 0.309045,
        "s": 0.309045,
        "theta": -35.99995928108391,
        "phi": -35.99995928108391,
        "e": 0.191,
        "f": 0.588,
        "prob": 0.166667,
        "color": [
            0,
            0,
            255
        ]
    },
    "3": {
        "r": -0.118045,
        "s": -0.118045,
        "theta": -108.0000534472362,
        "phi": -108.0000534472362,
        "e": 0.5,
        "f": 0.363,
        "prob": 0.166667,
        "color": [
            255,
            255,
            0
        ]
    },
    "4": {
        "r": 0.309045,
        "s": 0.309045,
        "theta": -35.99995928108391,
        "phi": -35.99995928108391,
        "e": 0.382,
        "f": 0.0,
        "prob": 0.166667,
        "color": [
            255,
            0,
            255
        ]
    },
    "5": {
        "r": 0.309045,
        "s": 0.309045,
        "theta": 35.99995928108391,
        "phi": 35.99995928108391,
        "e": 0.691,
        "f": -0.225,
        "prob": 0.166665,
        "color": [
            0,
            255,
            255
        ]
    }
}