{
    "0": {
        "r": 0.797881,
        "s": 0.833333,
        "theta": 0.0,
        "phi": 0.0,
        "e": 0.097828,
        "f": 0.168721,
        "prob": 0.75,
        "color": [
            255,
            0,
            0
        ]
    },
    "1": {
        "r": 0.38969043323258523,
        "s": 0.4231978097592189,
        "theta": -109.74142193191649,
        "phi": -109.74142193191649,
        "e": 0.500098,
        "f": 0.180655,
        "prob": 0.1,
        "color": [
            0,
            255,
            0
        ]
    },
    "2": {
        "r": 0.4159371901826044,
        "s": 0.42034519542395155,
        "theta": 76.13842184634633,
        "phi": 76.13842184634633,
        "e": 0.364628,
        "f": 0.15777,
        "prob": 0.1,
        "color": [
            0,
            0,
            255
        ]
    },
    "3": {
        "r": 0.04918,
        "s": 0.333333,
        "theta": 0.0,
        "phi": 0.0,
        "e": 0.398795,
        "f": 0.009695,
        "prob": 0.05,
        "color": [
            255,
            255,
            0
        ]
    }
}