{
    "0": {
        "r": 0.5,
        "s": 0.5,
        "theta": 0.0,
        "phi": 0.0,
        "e": 0.5,
        "f": 0.0,
        "prob": 0.2,
        "color": [
            255,
            0,
            0
        ]
    },
    "1": {
        "r": 0.154509,
        "s": 0.154509,
        "theta": 71.99993606074982,
        "phi": 71.99993606074982,
        "e": 0.154509,
        "f": 0.475528,
        "prob": 0.2,
        "color": [
            0,
            255,
            0
        ]
    },
    "2": {
        "r": -0.404509,
        "s": -0.404509,
        "theta": 143.99999920837266,
        "phi": 143.99999920837266,
        "e": -0.404509,
        "f": 0.293893,
        "prob": 0.2,
        "color": [
            0,
            0,
            255
        ]
    },
    "3": {
        "r": -0.404509,
        "s": -0.404509,
        "theta": -143.99999920837266,
        "phi": -143.99999920837266,
        "e": -0.404509,
        "f": -0.293893,
        "prob": 0.2,
        "color": [
            255,
            255,
            0
        ]
    },
    "4": {
        "r": 0.154509,
        "s": 0.154509,
        "theta": -71.99993606074982,
        "phi": -71.99993606074982,
        "e": 0.154509,
        "f": -0.475528,
        "prob": 0.2,
        "color": [
            255,
            0,
            255
        ]
    }
}