{
    "0": {
        "r": 0.5,
        "s": 0.5,
        "theta": 0.0,
        "phi": 0.0,
        "e": 0.0,
        "f": 0.0,
        "prob": 0.333333,
        "color": [
            255,
            0,
            0
        ]
    },
    "1": {
        "r": 0.5,
        "s": 0.5,
        "theta": 0.0,
        "phi": 0.0,
        "e": 0.5,
        "f": 0.0,
        "prob": 0.333333,
        "color": [
            0,
            255,
            0
        ]
    },
    "2": {
        "r": 0.5,
        "s": 0.5,
        "theta": 0.0,
        "phi": 0.0,
        "e": 0.25,
        "f": 0.433013,
        "prob": 0.333333,
        "color": [
            0,
            0,
            255
        ]
    }
}