{
    "0": {
        "r": 0.4999889998789973,
        "s": 0.4999889998789973,
        "theta": 120.00072778082739,
        "phi": 120.00072778082739,
        "e": 0.25,
        "f": 0.433,
        "prob": 1.0,
        "color": [
            255,
            0,
            0
        ]
    },
    "1": {
        "r": 0.5,
        "s": 0.5,
        "theta": 0.0,
        "phi": 0.0,
        "e": 0.25,
        "f": 0.433,
        "prob": 1.0,
        "color": [
            0,
            255,
            0
        ]
    },
    "2": {
        "r": 0.4999889998789973,
        "s": 0.4999889998789973,
        "theta": -120.00072778082739,
        "phi": -120.00072778082739,
        "e": 1.0,
        "f": 0.0,
        "prob": 1.0,
        "color": [
            0,
            0,
            255
        ]
    }
}