{
    "0": {
        "r": 0.160034,
        "s": 0.477784,
        "theta": 57.49606560624954,
        "phi": 57.49606560624954,
        "e": 0.025524,
        "f": 0.401524,
        "prob": 0.083333,
        "color": [
            255,
            0,
            0
        ]
    },
    "1": {
        "r": -0.137498,
        "s": 0.240227,
        "theta": 117.49602027813803,
        "phi": 117.49602027813803,
        "e": -0.334968,
        "f": 0.222866,
        "prob": 0.083333,
        "color": [
            0,
            255,
            0
        ]
    },
    "2": {
        "r": -0.297532,
        "s": -0.237558,
        "theta": 177.49606515236852,
        "phi": 177.49606515236852,
        "e": -0.360492,
        "f": -0.178658,
        "prob": 0.083333,
        "color": [
            0,
            0,
            255
        ]
    },
    "3": {
        "r": -0.160034,
        "s": -0.477784,
        "theta": -122.50393439375048,
        "phi": -122.50393439375048,
        "e": -0.025524,
        "f": -0.401524,
        "prob": 0.083333,
        "color": [
            255,
            255,
            0
        ]
    },
    "4": {
        "r": 0.137498,
        "s": -0.240227,
        "theta": -62.50397972186196,
        "phi": -62.50397972186196,
        "e": 0.334968,
        "f": -0.222866,
        "prob": 0.083333,
        "color": [
            255,
            0,
            255
        ]
    },
    "5": {
        "r": 0.297532,
        "s": 0.237558,
        "theta": -2.503934847631511,
        "phi": -2.503934847631511,
        "e": 0.360492,
        "f": 0.178658,
        "prob": 0.083333,
        "color": [
            0,
            255,
            255
        ]
    },
    "6": {
        "r": 0.160034,
        "s": -0.477784,
        "theta": -57.49606560624954,
        "phi": -57.49606560624954,
        "e": 0.025524,
        "f": -0.401524,
        "prob": 0.083333,
        "color": [
            128,
            0,
            0
        ]
    },
    "7": {
        "r": 0.297532,
        "s": -0.237558,
        "theta": 2.503934847631511,
        "phi": 2.503934847631511,
        "e": 0.360492,
        "f": -0.178658,
        "prob": 0.083333,
        "color": [
            0,
            128,
            0
        ]
    },
    "8": {
        "r": 0.137498,
        "s": 0.240227,
        "theta": 62.50397972186196,
        "phi": 62.50397972186196,
        "e": 0.334968,
        "f": 0.222866,
        "prob": 0.083333,
        "color": [
            0,
            0,
            128
        ]
    },
    "9": {
        "r": -0.160034,
        "s": 0.477784,
        "theta": 122.50393439375048,
        "phi": 122.50393439375048,
        "e": -0.025524,
        "f": 0.401524,
        "prob": 0.083333,
        "color": [
            128,
            128,
            0
        ]
    },
    "10": {
        "r": -0.297532,
        "s": 0.237558,
        "theta": -177.49606515236852,
        "phi": -177.49606515236852,
        "e": -0.360492,
        "f": 0.178658,
        "prob": 0.083333,
        "color": [
            128,
            0,
            128
        ]
    },
    "11": {
        "r": -0.137498,
        "s": -0.240227,
        "theta": -117.49602027813803,
        "phi": -117.49602027813803,
        "e": -0.334968,
        "f": -0.222866,
        "prob": 0.083333,
        "color": [
            0,
            128,
            128
        ]
    }
}