{
    "0": {
        "r": 0.16004141912954908,
        "s": 0.539779036162947,
        "theta": 0.55169568653763,
        "phi": 0.55169568653763,
        "e": 0.025524,
        "f": 0.401524,
        "prob": 0.083333,
        "color": [
            255,
            0,
            0
        ]
    },
    "1": {
        "r": 0.43528976327614227,
        "s": 0.35706857955440435,
        "theta": -108.41376218860565,
        "phi": -108.41376218860565,
        "e": -0.334968,
        "f": 0.222866,
        "prob": 0.083333,
        "color": [
            0,
            255,
            0
        ]
    },
    "2": {
        "r": 0.5102666155648438,
        "s": 0.2379140380158346,
        "theta": -125.6682599002902,
        "phi": -125.6682599002902,
        "e": -0.360492,
        "f": -0.178658,
        "prob": 0.083333,
        "color": [
            0,
            0,
            255
        ]
    },
    "3": {
        "r": 0.16004141912954908,
        "s": 0.539779036162947,
        "theta": -179.44830431346242,
        "phi": -179.44830431346242,
        "e": -0.025524,
        "f": -0.401524,
        "prob": 0.083333,
        "color": [
            255,
            255,
            0
        ]
    },
    "4": {
        "r": 0.43528976327614227,
        "s": 0.35706857955440435,
        "theta": 71.58623781139437,
        "phi": 71.58623781139437,
        "e": 0.334968,
        "f": -0.222866,
        "prob": 0.083333,
        "color": [
            255,
            0,
            255
        ]
    },
    "5": {
        "r": 0.5102666155648438,
        "s": 0.2379140380158346,
        "theta": 54.331740099709805,
        "phi": 54.331740099709805,
        "e": 0.360492,
        "f": 0.178658,
        "prob": 0.083333,
        "color": [
            0,
            255,
            255
        ]
    },
    "6": {
        "r": 0.16004141912954908,
        "s": 0.539779036162947,
        "theta": 0.55169568653763,
        "phi": 0.55169568653763,
        "e": 0.025524,
        "f": -0.401524,
        "prob": 0.083333,
        "color": [
            128,
            0,
            0
        ]
    },
    "7": {
        "r": 0.5102666155648438,
        "s": 0.2379140380158346,
        "theta": 54.331740099709805,
        "phi": 54.331740099709805,
        "e": 0.360492,
        "f": -0.178658,
        "prob": 0.083333,
        "color": [
            0,
            128,
            0
        ]
    },
    "8": {
        "r": 0.43528976327614227,
        "s": 0.35706857955440435,
        "theta": 71.58623781139437,
        "phi": 71.58623781139437,
        "e": 0.334968,
        "f": 0.222866,
        "prob": 0.083333,
        "color": [
            0,
            0,
            128
        ]
    },
    "9": {
        "r": 0.16004141912954908,
        "s": 0.539779036162947,
        "theta": -179.44830431346242,
        "phi": -179.44830431346242,
        "e": -0.025524,
        "f": 0.401524,
        "prob": 0.083333,
        "color": [
            128,
            128,
            0
        ]
    },
    "10": {
        "r": 0.5102666155648438,
        "s": 0.2379140380158346,
        "theta": -125.6682599002902,
        "phi": -125.6682599002902,
        "e": -0.360492,
        "f": 0.178658,
        "prob": 0.083333,
        "color": [
            128,
            0,
            128
        ]
    },
    "11": {
        "r": 0.43528976327614227,
        "s": 0.35706857955440435,
        "theta": -108.41376218860565,
        "phi": -108.41376218860565,
        "e": -0.334968,
        "f": -0.222866,
        "prob": 0.083333,
        "color": [
            0,
            128,
            128
        ]
    }
}