{
    "0": {
        "r": 0.25,
        "s": 0.25,
        "theta": 0.0,
        "phi": 0.0,
        "e": 0.0,
        "f": 0.5,
        "prob": 0.073459,
        "color": [
            255,
            0,
            0
        ]
    },
    "1": {
        "r": 0.822978,
        "s": 0.822724,
        "theta": 29.989996163787016,
        "phi": 29.989996163787016,
        "e": 0.30114,
        "f": -0.173839,
        "prob": 0.926541,
        "color": [
            0,
            255,
            0
        ]
    }
}