{
    "0": {
        "r": 0.787879,
        "s": 0.859848,
        "theta": 17.102708528399155,
        "phi": 17.102708528399155,
        "e": 1.758647,
        "f": 1.408065,
        "prob": 0.896,
        "color": [
            255,
            0,
            0
        ]
    },
    "1": {
        "r": -0.121212,
        "s": 0.05303,
        "theta": 128.6598082540901,
        "phi": 128.6598082540901,
        "e": -6.721654,
        "f": 1.377236,
        "prob": 0.052174,
        "color": [
            0,
            255,
            0
        ]
    },
    "2": {
        "r": 0.181818,
        "s": 0.181818,
        "theta": 26.56505117707799,
        "phi": 26.56505117707799,
        "e": 6.086107,
        "f": 1.568035,
        "prob": 0.052174,
        "color": [
            0,
            0,
            255
        ]
    }
}