{
    "0": {
        "r": 0.894837746859731,
        "s": 0.8933688929440066,
        "theta": -28.30072540975574,
        "phi": -28.30072540975574,
        "e": 1.758647,
        "f": 1.408065,
        "prob": 0.896,
        "color": [
            255,
            0,
            0
        ]
    },
    "1": {
        "r": 0.28467129240582023,
        "s": 0.16052718188830203,
        "theta": 115.20108079539892,
        "phi": 115.20108079539892,
        "e": -6.721654,
        "f": 1.377236,
        "prob": 0.052174,
        "color": [
            0,
            255,
            0
        ]
    },
    "2": {
        "r": 0.22727280000035202,
        "s": 0.2032787037665284,
        "theta": -36.8699984863837,
        "phi": -36.8699984863837,
        "e": 6.086107,
        "f": 1.568035,
        "prob": 0.052174,
        "color": [
            0,
            0,
            255
        ]
    }
}