{
    "0": {
        "r": 0.143268,
        "s": 0.411999,
        "theta": 0.0,
        "phi": 0.0,
        "e": -0.424035,
        "f": 0.228385,
        "prob": 0.05,
        "color": [
            255,
            0,
            0
        ]
    },
    "1": {
        "r": 0.817528,
        "s": 0.817528,
        "theta": 29.999999428635753,
        "phi": 29.999999428635753,
        "e": -0.06,
        "f": 0.051538,
        "prob": 0.95,
        "color": [
            0,
            255,
            0
        ]
    }
}