{
    "0": {
        "r": 0.25,
        "s": 0.25,
        "theta": 0.0,
        "phi": 0.0,
        "e": 0.0,
        "f": 0.5,
        "prob": 0.080201,
        "color": [
            255,
            0,
            0
        ]
    },
    "1": {
        "r": 0.9499996834041577,
        "s": 0.9499996834041577,
        "theta": -39.999997976747615,
        "phi": -39.999997976747615,
        "e": 0.416453,
        "f": -0.194195,
        "prob": 0.92,
        "color": [
            0,
            255,
            0
        ]
    }
}