{
    "0": {
        "r": 0.5773547019432681,
        "s": 0.5773462019351994,
        "theta": 30.000761919601533,
        "phi": 30.000761919601533,
        "e": 0.0,
        "f": 0.0,
        "prob": 0.333333,
        "color": [
            255,
            0,
            0
        ]
    },
    "1": {
        "r": 0.5773547019432681,
        "s": 0.5773462019351994,
        "theta": 30.000761919601533,
        "phi": 30.000761919601533,
        "e": 1.0,
        "f": 0.0,
        "prob": 0.333333,
        "color": [
            0,
            255,
            0
        ]
    },
    "2": {
        "r": 0.5773547019432681,
        "s": 0.5773462019351994,
        "theta": 30.000761919601533,
        "phi": 30.000761919601533,
        "e": 0.5,
        "f": 0.866,
        "prob": 0.333333,
        "color": [
            0,
            0,
            255
        ]
    }
}