{
    "0": {
        "r": 0.05,
        "s": 0.4,
        "theta": 0.0,
        "phi": 0.0,
        "e": -0.06,
        "f": -0.47,
        "prob": 0.026,
        "color": [
            255,
            0,
            0
        ]
    },
    "1": {
        "r": -0.05,
        "s": -0.4,
        "theta": 180.0,
        "phi": 180.0,
        "e": -0.06,
        "f": -0.47,
        "prob": 0.026399,
        "color": [
            0,
            255,
            0
        ]
    },
    "2": {
        "r": 0.03,
        "s": 0.26,
        "theta": 0.0,
        "phi": 0.0,
        "e": -0.16,
        "f": -0.01,
        "prob": 0.010296,
        "color": [
            0,
            0,
            255
        ]
    },
    "3": {
        "r": -0.03,
        "s": -0.26,
        "theta": 180.0,
        "phi": 180.0,
        "e": -0.16,
        "f": -0.01,
        "prob": 0.010296,
        "color": [
            255,
            255,
            0
        ]
    },
    "4": {
        "r": 0.56,
        "s": 0.51,
        "theta": -33.453309454072674,
        "phi": -33.453309454072674,
        "e": 0.3,
        "f": 0.15,
        "prob": 0.591869,
        "color": [
            255,
            0,
            255
        ]
    },
    "5": {
        "r": 0.19,
        "s": 0.15,
        "theta": -3.0127875041833403,
        "phi": -3.0127875041833403,
        "e": -0.2,
        "f": 0.28,
        "prob": 0.038543,
        "color": [
            0,
            255,
            255
        ]
    },
    "6": {
        "r": -0.33,
        "s": 0.34,
        "theta": -135.0,
        "phi": -135.0,
        "e": -0.54,
        "f": 0.39,
        "prob": 0.296199,
        "color": [
            128,
            0,
            0
        ]
    }
}