{
    "0": {
        "r": 0.01,
        "s": 0.45,
        "theta": 0.0,
        "phi": 0.0,
        "e": 0.0,
        "f": 0.0,
        "prob": 0.006,
        "color": [
            255,
            0,
            0
        ]
    },
    "1": {
        "r": -0.01,
        "s": -0.45,
        "theta": 180.0,
        "phi": 180.0,
        "e": 0.0,
        "f": 0.4,
        "prob": 0.006297,
        "color": [
            0,
            255,
            0
        ]
    },
    "2": {
        "r": 0.42,
        "s": 0.42,
        "theta": 45.0,
        "phi": 45.0,
        "e": 0.0,
        "f": 0.4,
        "prob": 0.493703,
        "color": [
            0,
            0,
            255
        ]
    },
    "3": {
        "r": 0.42,
        "s": 0.42,
        "theta": -45.0,
        "phi": -45.0,
        "e": 0.0,
        "f": 0.4,
        "prob": 0.493703,
        "color": [
            255,
            255,
            0
        ]
    }
}