{
    "0": {
        "r": 0.05,
        "s": 0.6,
        "theta": 0.0,
        "phi": 0.0,
        "e": 0.0,
        "f": 0.0,
        "prob": 0.028,
        "color": [
            255,
            0,
            0
        ]
    },
    "1": {
        "r": 0.05,
        "s": -0.5,
        "theta": 0.0,
        "phi": 0.0,
        "e": 0.0,
        "f": 1.0,
        "prob": 0.023256,
        "color": [
            0,
            255,
            0
        ]
    },
    "2": {
        "r": 0.459627,
        "s": 0.383022,
        "theta": 40.00001125227283,
        "phi": 40.00001125227283,
        "e": 0.0,
        "f": 0.6,
        "prob": 0.27907,
        "color": [
            0,
            0,
            255
        ]
    },
    "3": {
        "r": 0.469846,
        "s": 0.422862,
        "theta": 20.00000444840199,
        "phi": 20.00000444840199,
        "e": 0.0,
        "f": 1.1,
        "prob": 0.209302,
        "color": [
            255,
            255,
            0
        ]
    },
    "4": {
        "r": 0.433013,
        "s": 0.476314,
        "theta": -29.99998291969115,
        "phi": -29.99998291969115,
        "e": 0.0,
        "f": 1.0,
        "prob": 0.255814,
        "color": [
            255,
            0,
            255
        ]
    },
    "5": {
        "r": 0.421325,
        "s": 0.306418,
        "theta": -39.99994796066857,
        "phi": -39.99994796066857,
        "e": 0.0,
        "f": 0.7,
        "prob": 0.204651,
        "color": [
            0,
            255,
            255
        ]
    }
}