{
    "0": {
        "r": 0.05,
        "s": 0.4,
        "theta": 0.0,
        "phi": 0.0,
        "e": -0.06,
        "f": -0.47,
        "prob": 0.026,
        "color": [
            255,
            0,
            0
        ]
    },
    "1": {
        "r": 0.05,
        "s": 0.4,
        "theta": 180.0,
        "phi": 180.0,
        "e": -0.06,
        "f": -0.47,
        "prob": 0.026399,
        "color": [
            0,
            255,
            0
        ]
    },
    "2": {
        "r": 0.14317821063276354,
        "s": 0.26,
        "theta": -77.9052429229879,
        "phi": -77.9052429229879,
        "e": -0.16,
        "f": -0.01,
        "prob": 0.010296,
        "color": [
            0,
            0,
            255
        ]
    },
    "3": {
        "r": 0.14317821063276354,
        "s": 0.26,
        "theta": 102.09475707701209,
        "phi": 102.09475707701209,
        "e": -0.16,
        "f": -0.01,
        "prob": 0.010296,
        "color": [
            255,
            255,
            0
        ]
    },
    "4": {
        "r": 0.7121797525905943,
        "s": 0.6300793600809346,
        "theta": 38.15722658736906,
        "phi": 38.15722658736906,
        "e": 0.3,
        "f": 0.15,
        "prob": 0.591869,
        "color": [
            255,
            0,
            255
        ]
    },
    "5": {
        "r": 0.2024845673131659,
        "s": 0.15033296378372907,
        "theta": 20.224859431168085,
        "phi": 20.224859431168085,
        "e": -0.2,
        "f": 0.28,
        "prob": 0.038543,
        "color": [
            0,
            255,
            255
        ]
    },
    "6": {
        "r": 0.4738143096192854,
        "s": 0.4738143096192854,
        "theta": -134.1449026037333,
        "phi": -134.1449026037333,
        "e": -0.54,
        "f": 0.39,
        "prob": 0.296199,
        "color": [
            128,
            0,
            0
        ]
    }
}