{
    "0": {
        "r": 0.5112941968583254,
        "s": 0.6062426659548138,
        "theta": -26.18933716688933,
        "phi": -26.18933716688933,
        "e": -0.001772,
        "f": 0.319478,
        "prob": 0.31,
        "color": [
            255,
            0,
            0
        ]
    },
    "1": {
        "r": 0.5084432225814403,
        "s": 0.5830380432047294,
        "theta": 47.624636929347936,
        "phi": 47.624636929347936,
        "e": -0.022095,
        "f": 0.329764,
        "prob": 0.2,
        "color": [
            0,
            255,
            0
        ]
    },
    "2": {
        "r": 0.5207539878387875,
        "s": 0.3426848083837391,
        "theta": 74.88196649901538,
        "phi": 74.88196649901538,
        "e": -0.020039,
        "f": 0.217063,
        "prob": 0.16,
        "color": [
            0,
            0,
            255
        ]
    },
    "3": {
        "r": 0.5513548567175227,
        "s": 0.46612751490123383,
        "theta": -62.65598061881591,
        "phi": -62.65598061881591,
        "e": -0.007397,
        "f": 0.198101,
        "prob": 0.23,
        "color": [
            255,
            255,
            0
        ]
    },
    "4": {
        "r": 0.066406,
        "s": 0.479424,
        "theta": 0.0,
        "phi": 0.0,
        "e": -0.014923,
        "f": -0.024215,
        "prob": 0.1,
        "color": [
            255,
            0,
            255
        ]
    }
}