{
    "0": {
        "r": 0.458805,
        "s": 0.60187,
        "theta": 9.001757534902588,
        "phi": 9.001757534902588,
        "e": -0.001772,
        "f": 0.319478,
        "prob": 0.31,
        "color": [
            255,
            0,
            0
        ]
    },
    "1": {
        "r": 0.342683,
        "s": 0.54642,
        "theta": -30.687355344665495,
        "phi": -30.687355344665495,
        "e": -0.022095,
        "f": 0.329764,
        "prob": 0.2,
        "color": [
            0,
            255,
            0
        ]
    },
    "2": {
        "r": 0.135817,
        "s": 0.138456,
        "theta": -66.57431825239705,
        "phi": -66.57431825239705,
        "e": -0.020039,
        "f": 0.217063,
        "prob": 0.16,
        "color": [
            0,
            0,
            255
        ]
    },
    "3": {
        "r": 0.253255,
        "s": 0.349892,
        "theta": 50.569018465855784,
        "phi": 50.569018465855784,
        "e": -0.007397,
        "f": 0.198101,
        "prob": 0.23,
        "color": [
            255,
            255,
            0
        ]
    },
    "4": {
        "r": 0.066406,
        "s": 0.479424,
        "theta": 0.0,
        "phi": 0.0,
        "e": -0.014923,
        "f": -0.024215,
        "prob": 0.1,
        "color": [
            255,
            0,
            255
        ]
    }
}