{
    "0": {
        "r": 0.05,
        "s": 0.6,
        "theta": 0.0,
        "phi": 0.0,
        "e": 0.0,
        "f": 0.0,
        "prob": 0.028,
        "color": [
            255,
            0,
            0
        ]
    },
    "1": {
        "r": 0.05,
        "s": 0.5,
        "theta": 0.0,
        "phi": 0.0,
        "e": 0.0,
        "f": 1.0,
        "prob": 0.023256,
        "color": [
            0,
            255,
            0
        ]
    },
    "2": {
        "r": 0.5608485378112348,
        "s": 0.5435526795196579,
        "theta": -34.963154829205536,
        "phi": -34.963154829205536,
        "e": 0.0,
        "f": 0.6,
        "prob": 0.27907,
        "color": [
            0,
            0,
            255
        ]
    },
    "3": {
        "r": 0.4944120184593008,
        "s": 0.456132317583396,
        "theta": -18.137413791461036,
        "phi": -18.137413791461036,
        "e": 0.0,
        "f": 1.1,
        "prob": 0.209302,
        "color": [
            255,
            255,
            0
        ]
    },
    "4": {
        "r": 0.5129573648647614,
        "s": 0.5379358945041686,
        "theta": 32.41901211220548,
        "phi": 32.41901211220548,
        "e": 0.0,
        "f": 1.0,
        "prob": 0.255814,
        "color": [
            255,
            0,
            255
        ]
    },
    "5": {
        "r": 0.4935816840706308,
        "s": 0.46784353454226557,
        "theta": 31.3937699098121,
        "phi": 31.3937699098121,
        "e": 0.0,
        "f": 0.7,
        "prob": 0.204651,
        "color": [
            0,
            255,
            255
        ]
    }
}