{
    "0": {
        "r": 0.5,
        "s": 0.5,
        "theta": 180.0,
        "phi": 180.0,
        "e": 0.5,
        "f": 0.863,
        "prob": 0.2,
        "color": [
            255,
            0,
            0
        ]
    },
    "1": {
        "r": 0.4999999098649919,
        "s": 0.4999999098649919,
        "theta": 108.00006393925018,
        "phi": 108.00006393925018,
        "e": -0.666253,
        "f": 0.74221,
        "prob": 0.2,
        "color": [
            0,
            255,
            0
        ]
    },
    "2": {
        "r": 0.5000006265296074,
        "s": 0.5000006265296074,
        "theta": 36.000000791627336,
        "phi": 36.000000791627336,
        "e": -0.911767,
        "f": -0.404289,
        "prob": 0.2,
        "color": [
            0,
            0,
            255
        ]
    },
    "3": {
        "r": 0.5000006265296074,
        "s": 0.5000006265296074,
        "theta": -36.000000791627336,
        "phi": -36.000000791627336,
        "e": 0.10275,
        "f": -0.992074,
        "prob": 0.2,
        "color": [
            255,
            255,
            0
        ]
    },
    "4": {
        "r": 0.4999999098649919,
        "s": 0.4999999098649919,
        "theta": -108.00006393925018,
        "phi": -108.00006393925018,
        "e": 0.97527,
        "f": -0.208847,
        "prob": 0.2,
        "color": [
            255,
            0,
            255
        ]
    }
}